"","article.id","segment_n","just.dist","season","matrix_type","edge_orient","edge_age_years","AT_var","AT_var_n","varpercent.at","PAR_var","PAR_var_n","varpercent.par","RH_var","RH_var_n","varpercent.rh","SM_var","SM_var_n","varpercent.sm","ST_var","ST_var_n","varpercent.st","VPD_var","VPD_var_n","varpercent.vpd","WS_var","WS_var_n","varpercent.ws"
"1","1",NA,0,"dry","pasture",NA,18,NA,NA,NA,NA,NA,NA,NA,NA,NA,NA,NA,NA,NA,NA,NA,NA,NA,NA,NA,NA,NA
"2","1",NA,500,"dry","pasture",NA,18,NA,NA,NA,NA,NA,NA,NA,NA,NA,NA,NA,NA,NA,NA,NA,NA,NA,NA,NA,NA,NA
"3","7","a",-10,"spring","grass",NA,NA,NA,NA,NA,NA,NA,NA,NA,NA,NA,NA,NA,NA,NA,NA,NA,NA,NA,NA,NA,NA,NA
"4","7","a",60,"spring","grass",NA,NA,NA,NA,NA,NA,NA,NA,NA,NA,NA,NA,NA,NA,NA,NA,NA,NA,NA,NA,NA,NA,NA
"5","7","b",-10,"summer","grass",NA,NA,NA,NA,NA,NA,NA,NA,NA,NA,NA,NA,NA,NA,NA,NA,NA,NA,NA,NA,NA,NA,NA
"6","7","b",60,"summer","grass",NA,NA,NA,NA,NA,NA,NA,NA,NA,NA,NA,NA,NA,NA,NA,NA,NA,NA,NA,NA,NA,NA,NA
"7","7","c",-10,"fall","grass",NA,NA,NA,NA,NA,NA,NA,NA,NA,NA,NA,NA,NA,NA,NA,NA,NA,NA,NA,NA,NA,NA,NA
"8","7","c",60,"fall","grass",NA,NA,NA,NA,NA,NA,NA,NA,NA,NA,NA,NA,NA,NA,NA,NA,NA,NA,NA,NA,NA,NA,NA
"9","7","d",-10,"winter","grass",NA,NA,NA,NA,NA,NA,NA,NA,NA,NA,NA,NA,NA,NA,NA,NA,NA,NA,NA,NA,NA,NA,NA
"10","7","d",60,"winter","grass",NA,NA,NA,NA,NA,NA,NA,NA,NA,NA,NA,NA,NA,NA,NA,NA,NA,NA,NA,NA,NA,NA,NA
"11","8","a",5,NA,"pine.plantation","S",NA,NA,NA,NA,NA,NA,NA,NA,NA,NA,NA,NA,NA,NA,NA,NA,NA,NA,NA,NA,NA,NA
"12","8","a",50,NA,"pine.plantation","S",NA,NA,NA,NA,NA,NA,NA,NA,NA,NA,NA,NA,NA,NA,NA,NA,NA,NA,NA,NA,NA,NA
"13","8","a",100,NA,"pine.plantation","S",NA,NA,NA,NA,NA,NA,NA,NA,NA,NA,NA,NA,NA,NA,NA,NA,NA,NA,NA,NA,NA,NA
"14","8","b",5,NA,"shrubland","N",NA,NA,NA,NA,NA,NA,NA,NA,NA,NA,NA,NA,NA,NA,NA,NA,NA,NA,NA,NA,NA,NA
"15","8","b",50,NA,"shrubland","N",NA,NA,NA,NA,NA,NA,NA,NA,NA,NA,NA,NA,NA,NA,NA,NA,NA,NA,NA,NA,NA,NA
"16","8","b",100,NA,"shrubland","N",NA,NA,NA,NA,NA,NA,NA,NA,NA,NA,NA,NA,NA,NA,NA,NA,NA,NA,NA,NA,NA,NA
"17","8","c",5,NA,"shrubland","S",NA,NA,NA,NA,NA,NA,NA,NA,NA,NA,NA,NA,NA,NA,NA,NA,NA,NA,NA,NA,NA,NA
"18","8","c",50,NA,"shrubland","S",NA,NA,NA,NA,NA,NA,NA,NA,NA,NA,NA,NA,NA,NA,NA,NA,NA,NA,NA,NA,NA,NA
"19","8","c",100,NA,"shrubland","S",NA,NA,NA,NA,NA,NA,NA,NA,NA,NA,NA,NA,NA,NA,NA,NA,NA,NA,NA,NA,NA,NA
"20","8","d",5,NA,"oak.forest","S",NA,NA,NA,NA,NA,NA,NA,NA,NA,NA,NA,NA,NA,NA,NA,NA,NA,NA,NA,NA,NA,NA
"21","8","d",50,NA,"oak.forest","S",NA,NA,NA,NA,NA,NA,NA,NA,NA,NA,NA,NA,NA,NA,NA,NA,NA,NA,NA,NA,NA,NA
"22","8","d",100,NA,"oak.forest","S",NA,NA,NA,NA,NA,NA,NA,NA,NA,NA,NA,NA,NA,NA,NA,NA,NA,NA,NA,NA,NA,NA
"23","10",NA,0,"spring",NA,NA,NA,"SD",2.8,-3,"SD",214,595,"SD",7.8,-4,NA,NA,NA,NA,NA,NA,NA,NA,NA,NA,NA,NA
"24","10",NA,120,"spring",NA,NA,NA,"SD",2.9,0,"SD",30.8,0,"SD",8.1,0,NA,NA,NA,NA,NA,NA,NA,NA,NA,NA,NA,NA
"25","12","a",-10,"dry","ag.field",NA,NA,"SE",0.37,6,NA,NA,NA,"SE",3.12,120,NA,NA,NA,"SE",0.46,0,NA,NA,NA,NA,NA,NA
"26","12","a",0,"dry","ag.field",NA,NA,"SE",0.38,9,NA,NA,NA,"SE",3.56,151,NA,NA,NA,"SE",0.45,-2,NA,NA,NA,NA,NA,NA
"27","12","a",30,"dry","ag.field",NA,NA,"SE",0.35,0,NA,NA,NA,"SE",1.42,0,NA,NA,NA,"SE",0.46,0,NA,NA,NA,NA,NA,NA
"28","12","b",-10,"dry","ag.field",NA,NA,"SE",0.44,110,NA,NA,NA,"SE",2.05,-49,NA,NA,NA,"SE",0.53,-7,NA,NA,NA,NA,NA,NA
"29","12","b",0,"dry","ag.field",NA,NA,"SE",0.36,71,NA,NA,NA,"SE",1.78,-56,NA,NA,NA,"SE",0.45,-21,NA,NA,NA,NA,NA,NA
"30","12","b",30,"dry","ag.field",NA,NA,"SE",0.21,0,NA,NA,NA,"SE",4.03,0,NA,NA,NA,"SE",0.57,0,NA,NA,NA,NA,NA,NA
"31","12","c",-10,"dry","ag.field",NA,NA,"SE",0.41,24,NA,NA,NA,"SE",2.21,-36,NA,NA,NA,"SE",0.52,100,NA,NA,NA,NA,NA,NA
"32","12","c",0,"dry","ag.field",NA,NA,"SE",0.49,48,NA,NA,NA,"SE",2.37,-32,NA,NA,NA,"SE",0.24,-8,NA,NA,NA,NA,NA,NA
"33","12","c",30,"dry","ag.field",NA,NA,"SE",0.33,0,NA,NA,NA,"SE",3.48,0,NA,NA,NA,"SE",0.26,0,NA,NA,NA,NA,NA,NA
"34","13",NA,0,"wet","sandscrub",NA,NA,NA,NA,NA,NA,NA,NA,NA,NA,NA,NA,NA,NA,NA,NA,NA,NA,NA,NA,NA,NA,NA
"35","13",NA,10,"wet","sandscrub",NA,NA,NA,NA,NA,NA,NA,NA,NA,NA,NA,NA,NA,NA,NA,NA,NA,NA,NA,NA,NA,NA,NA
"36","13",NA,20,"wet","sandscrub",NA,NA,NA,NA,NA,NA,NA,NA,NA,NA,NA,NA,NA,NA,NA,NA,NA,NA,NA,NA,NA,NA,NA
"37","13",NA,30,"wet","sandscrub",NA,NA,NA,NA,NA,NA,NA,NA,NA,NA,NA,NA,NA,NA,NA,NA,NA,NA,NA,NA,NA,NA,NA
"38","13",NA,40,"wet","sandscrub",NA,NA,NA,NA,NA,NA,NA,NA,NA,NA,NA,NA,NA,NA,NA,NA,NA,NA,NA,NA,NA,NA,NA
"39","13",NA,50,"wet","sandscrub",NA,NA,NA,NA,NA,NA,NA,NA,NA,NA,NA,NA,NA,NA,NA,NA,NA,NA,NA,NA,NA,NA,NA
"40","14",NA,0,"dry","pasture",NA,NA,"SD",2.2,22,NA,NA,NA,"SD",18.1,11,NA,NA,NA,"SD",1.3,44,NA,NA,NA,NA,NA,NA
"41","14",NA,40,"dry","pasture",NA,NA,"SD",2.1,17,NA,NA,NA,"SD",17.2,6,NA,NA,NA,"SD",1,11,NA,NA,NA,NA,NA,NA
"42","14",NA,80,"dry","pasture",NA,NA,"SD",1.8,0,NA,NA,NA,"SD",16.5,1,NA,NA,NA,"SD",0.9,0,NA,NA,NA,NA,NA,NA
"43","14",NA,120,"dry","pasture",NA,NA,"SD",1.7,-6,NA,NA,NA,"SD",16.2,-1,NA,NA,NA,"SD",0.9,0,NA,NA,NA,NA,NA,NA
"44","14",NA,160,"dry","pasture",NA,NA,"SD",1.8,0,NA,NA,NA,"SD",16.3,0,NA,NA,NA,"SD",0.9,0,NA,NA,NA,NA,NA,NA
"45","15","a",-10,"summer","field","S",5,"SD",0,NA,NA,NA,NA,NA,NA,NA,NA,NA,NA,NA,NA,NA,"SD",0,-100,NA,NA,NA
"46","15","a",0,"summer","field","S",5,"SD",3.21,0,NA,NA,NA,NA,NA,NA,NA,NA,NA,NA,NA,NA,"SD",0.17,70,NA,NA,NA
"47","15","a",5,"summer","field","S",5,"SD",1.48,0,NA,NA,NA,NA,NA,NA,NA,NA,NA,NA,NA,NA,"SD",0.27,170,NA,NA,NA
"48","15","a",10,"summer","field","S",5,"SD",0.99,0,NA,NA,NA,NA,NA,NA,NA,NA,NA,NA,NA,NA,"SD",0.2,100,NA,NA,NA
"49","15","a",20,"summer","field","S",5,"SD",0,NA,NA,NA,NA,NA,NA,NA,NA,NA,NA,NA,NA,NA,"SD",0.2,100,NA,NA,NA
"50","15","a",30,"summer","field","S",5,"SD",0,NA,NA,NA,NA,NA,NA,NA,NA,NA,NA,NA,NA,NA,"SD",0.17,70,NA,NA,NA
"51","15","a",40,"summer","field","S",5,"SD",0,NA,NA,NA,NA,NA,NA,NA,NA,NA,NA,NA,NA,NA,"SD",0.15,50,NA,NA,NA
"52","15","a",50,"summer","field","S",5,"SD",0,NA,NA,NA,NA,NA,NA,NA,NA,NA,NA,NA,NA,NA,"SD",0.1,0,NA,NA,NA
"53","15","b",-10,"summer","field","N",5,"SD",0,NA,NA,NA,NA,NA,NA,NA,NA,NA,NA,NA,NA,NA,"SD",0,-100,NA,NA,NA
"54","15","b",0,"summer","field","N",5,"SD",0,NA,NA,NA,NA,NA,NA,NA,NA,NA,NA,NA,NA,NA,"SD",0.15,-12,NA,NA,NA
"55","15","b",5,"summer","field","N",5,"SD",2.41,0,NA,NA,NA,NA,NA,NA,NA,NA,NA,NA,NA,NA,"SD",0.12,-29,NA,NA,NA
"56","15","b",10,"summer","field","N",5,"SD",0,NA,NA,NA,NA,NA,NA,NA,NA,NA,NA,NA,NA,NA,"SD",0.17,0,NA,NA,NA
"57","15","b",20,"summer","field","N",5,"SD",0,NA,NA,NA,NA,NA,NA,NA,NA,NA,NA,NA,NA,NA,"SD",0.2,18,NA,NA,NA
"58","15","b",30,"summer","field","N",5,"SD",0,NA,NA,NA,NA,NA,NA,NA,NA,NA,NA,NA,NA,NA,"SD",0.2,18,NA,NA,NA
"59","15","b",40,"summer","field","N",5,"SD",0,NA,NA,NA,NA,NA,NA,NA,NA,NA,NA,NA,NA,NA,"SD",0.2,18,NA,NA,NA
"60","15","b",50,"summer","field","N",5,"SD",0,NA,NA,NA,NA,NA,NA,NA,NA,NA,NA,NA,NA,NA,"SD",0.17,0,NA,NA,NA
"61","15","c",-10,"summer","field","S",NA,"SD",0,-100,NA,NA,NA,NA,NA,NA,NA,NA,NA,NA,NA,NA,"SD",0,-100,NA,NA,NA
"62","15","c",0,"summer","field","S",NA,"SD",0.98,-20,NA,NA,NA,NA,NA,NA,NA,NA,NA,NA,NA,NA,"SD",0.17,70,NA,NA,NA
"63","15","c",5,"summer","field","S",NA,"SD",0,-100,NA,NA,NA,NA,NA,NA,NA,NA,NA,NA,NA,NA,"SD",0.15,50,NA,NA,NA
"64","15","c",10,"summer","field","S",NA,"SD",0,-100,NA,NA,NA,NA,NA,NA,NA,NA,NA,NA,NA,NA,"SD",0.15,50,NA,NA,NA
"65","15","c",20,"summer","field","S",NA,"SD",1.46,20,NA,NA,NA,NA,NA,NA,NA,NA,NA,NA,NA,NA,"SD",0.12,20,NA,NA,NA
"66","15","c",30,"summer","field","S",NA,"SD",0,-100,NA,NA,NA,NA,NA,NA,NA,NA,NA,NA,NA,NA,"SD",0.15,50,NA,NA,NA
"67","15","c",40,"summer","field","S",NA,"SD",0,-100,NA,NA,NA,NA,NA,NA,NA,NA,NA,NA,NA,NA,"SD",0.19,90,NA,NA,NA
"68","15","c",50,"summer","field","S",NA,"SD",1.22,0,NA,NA,NA,NA,NA,NA,NA,NA,NA,NA,NA,NA,"SD",0.1,0,NA,NA,NA
"69","15","d",-10,"summer","young.successional.forest","N",NA,"SD",0,NA,NA,NA,NA,NA,NA,NA,NA,NA,NA,NA,NA,NA,"SD",0,-100,NA,NA,NA
"70","15","d",0,"summer","young.successional.forest","N",NA,"SD",0,NA,NA,NA,NA,NA,NA,NA,NA,NA,NA,NA,NA,NA,"SD",0.41,21,NA,NA,NA
"71","15","d",5,"summer","young.successional.forest","N",NA,"SD",0,NA,NA,NA,NA,NA,NA,NA,NA,NA,NA,NA,NA,NA,"SD",0.34,0,NA,NA,NA
"72","15","d",10,"summer","young.successional.forest","N",NA,"SD",0,NA,NA,NA,NA,NA,NA,NA,NA,NA,NA,NA,NA,NA,"SD",0.36,6,NA,NA,NA
"73","15","d",20,"summer","young.successional.forest","N",NA,"SD",0,NA,NA,NA,NA,NA,NA,NA,NA,NA,NA,NA,NA,NA,"SD",0.31,-9,NA,NA,NA
"74","15","d",30,"summer","young.successional.forest","N",NA,"SD",0,NA,NA,NA,NA,NA,NA,NA,NA,NA,NA,NA,NA,NA,"SD",0.27,-21,NA,NA,NA
"75","15","d",40,"summer","young.successional.forest","N",NA,"SD",0,NA,NA,NA,NA,NA,NA,NA,NA,NA,NA,NA,NA,NA,"SD",0.31,-9,NA,NA,NA
"76","15","d",50,"summer","young.successional.forest","N",NA,"SD",0,NA,NA,NA,NA,NA,NA,NA,NA,NA,NA,NA,NA,NA,"SD",0.34,0,NA,NA,NA
"77","19","a",-10,"summer",NA,NA,19,"SE",0.11,0,NA,NA,NA,NA,NA,NA,NA,NA,NA,NA,NA,NA,NA,NA,NA,NA,NA,NA
"78","19","a",-5,"summer",NA,NA,19,"SE",0.11,0,NA,NA,NA,NA,NA,NA,NA,NA,NA,NA,NA,NA,NA,NA,NA,NA,NA,NA
"79","19","a",0,"summer",NA,NA,19,"SE",0.15,36,NA,NA,NA,NA,NA,NA,NA,NA,NA,NA,NA,NA,NA,NA,NA,NA,NA,NA
"80","19","a",5,"summer",NA,NA,19,"SE",0.09,-18,NA,NA,NA,NA,NA,NA,NA,NA,NA,NA,NA,NA,NA,NA,NA,NA,NA,NA
"81","19","a",10,"summer",NA,NA,19,"SE",0.13,18,NA,NA,NA,NA,NA,NA,NA,NA,NA,NA,NA,NA,NA,NA,NA,NA,NA,NA
"82","19","a",20,"summer",NA,NA,19,"SE",0.07,-36,NA,NA,NA,NA,NA,NA,NA,NA,NA,NA,NA,NA,NA,NA,NA,NA,NA,NA
"83","19","a",30,"summer",NA,NA,19,"SE",0.11,0,NA,NA,NA,NA,NA,NA,NA,NA,NA,NA,NA,NA,NA,NA,NA,NA,NA,NA
"84","19","b",-10,"summer",NA,NA,4,"SE",0.28,87,NA,NA,NA,NA,NA,NA,NA,NA,NA,NA,NA,NA,NA,NA,NA,NA,NA,NA
"85","19","b",-5,"summer",NA,NA,4,"SE",0.31,107,NA,NA,NA,NA,NA,NA,NA,NA,NA,NA,NA,NA,NA,NA,NA,NA,NA,NA
"86","19","b",0,"summer",NA,NA,4,"SE",0.13,-13,NA,NA,NA,NA,NA,NA,NA,NA,NA,NA,NA,NA,NA,NA,NA,NA,NA,NA
"87","19","b",5,"summer",NA,NA,4,"SE",0.15,0,NA,NA,NA,NA,NA,NA,NA,NA,NA,NA,NA,NA,NA,NA,NA,NA,NA,NA
"88","19","b",10,"summer",NA,NA,4,"SE",0.09,-40,NA,NA,NA,NA,NA,NA,NA,NA,NA,NA,NA,NA,NA,NA,NA,NA,NA,NA
"89","19","b",20,"summer",NA,NA,4,"SE",0.15,0,NA,NA,NA,NA,NA,NA,NA,NA,NA,NA,NA,NA,NA,NA,NA,NA,NA,NA
"90","19","b",30,"summer",NA,NA,4,"SE",0.15,0,NA,NA,NA,NA,NA,NA,NA,NA,NA,NA,NA,NA,NA,NA,NA,NA,NA,NA
"91","20",NA,0,NA,NA,NA,NA,NA,NA,NA,NA,NA,NA,"SE",0.72,20,NA,NA,NA,NA,NA,NA,NA,NA,NA,NA,NA,NA
"92","20",NA,50,NA,NA,NA,NA,NA,NA,NA,NA,NA,NA,"SE",0.6,0,NA,NA,NA,NA,NA,NA,NA,NA,NA,NA,NA,NA
"93","24",NA,-10,"dry","pasture","S",NA,"SD",1.83,31,NA,NA,NA,"SD",2.6,46,NA,NA,NA,"SD",1.69,-52,NA,NA,NA,NA,NA,NA
"94","24",NA,0,"dry","pasture","S",NA,"SD",2.04,46,NA,NA,NA,"SD",2.38,34,NA,NA,NA,"SD",3.91,10,NA,NA,NA,NA,NA,NA
"95","24",NA,10,"dry","pasture","S",NA,"SD",1.72,23,NA,NA,NA,"SD",2.47,39,NA,NA,NA,"SD",3.17,-10,NA,NA,NA,NA,NA,NA
"96","24",NA,25,"dry","pasture","S",NA,"SD",0.87,-38,NA,NA,NA,"SD",1.4,-21,NA,NA,NA,"SD",3.78,7,NA,NA,NA,NA,NA,NA
"97","24",NA,40,"dry","pasture","S",NA,"SD",1.03,-26,NA,NA,NA,"SD",1.85,4,NA,NA,NA,"SD",6.19,75,NA,NA,NA,NA,NA,NA
"98","24",NA,55,"dry","pasture","S",NA,"SD",1.29,-8,NA,NA,NA,"SD",2.15,21,NA,NA,NA,"SD",3.09,-13,NA,NA,NA,NA,NA,NA
"99","24",NA,70,"dry","pasture","S",NA,"SD",0.98,-30,NA,NA,NA,"SD",2.53,42,NA,NA,NA,"SD",1,-72,NA,NA,NA,NA,NA,NA
"100","24",NA,85,"dry","pasture","S",NA,"SD",1.4,0,NA,NA,NA,"SD",1.78,0,NA,NA,NA,"SD",3.54,0,NA,NA,NA,NA,NA,NA
"101","25",NA,0,NA,"grassland",NA,NA,"V",9.16,1662,NA,NA,NA,NA,NA,NA,"V",74.8,3097,"V",1.85,9150,NA,NA,NA,"V",1.37,407
"102","25",NA,30,NA,"grassland",NA,NA,"V",7.89,1417,NA,NA,NA,NA,NA,NA,"V",16.13,589,"V",0.82,4000,NA,NA,NA,"V",1.38,411
"103","25",NA,60,NA,"grassland",NA,NA,"V",5.57,971,NA,NA,NA,NA,NA,NA,"V",28.89,1135,"V",0.93,4550,NA,NA,NA,"V",0.06,-78
"104","25",NA,90,NA,"grassland",NA,NA,"V",2.79,437,NA,NA,NA,NA,NA,NA,"V",10.57,352,"V",1.28,6300,NA,NA,NA,"V",0.09,-67
"105","25",NA,120,NA,"grassland",NA,NA,"V",0.59,13,NA,NA,NA,NA,NA,NA,"V",8.22,251,"V",0.26,1200,NA,NA,NA,"V",0.09,-67
"106","25",NA,150,NA,"grassland",NA,NA,"V",0.52,0,NA,NA,NA,NA,NA,NA,"V",2.34,0,"V",0.02,0,NA,NA,NA,"V",0.27,0
"107","30","a",-10,"summer","field","NE",0.5,"SE",1.63,43,"SE",250.89,424,"SE",4.77,-27,"SE",1.75,-13,"SE",0.56,-19,NA,NA,NA,NA,NA,NA
"108","30","a",-5,"summer","field","NE",0.5,"SE",1.31,15,"SE",247.05,416,"SE",5.77,-12,"SE",2.43,20,"SE",0.86,25,NA,NA,NA,NA,NA,NA
"109","30","a",0,"summer","field","NE",0.5,"SE",1.06,-7,"SE",53.63,12,"SE",5.44,-17,"SE",1.81,-10,"SE",1.17,70,NA,NA,NA,NA,NA,NA
"110","30","a",5,"summer","field","NE",0.5,"SE",1.3,14,"SE",130.23,172,"SE",5.66,-14,"SE",1.88,-7,"SE",0.81,17,NA,NA,NA,NA,NA,NA
"111","30","a",10,"summer","field","NE",0.5,"SE",1.47,29,"SE",90.01,88,"SE",5.67,-13,"SE",1.47,-27,"SE",0.73,6,NA,NA,NA,NA,NA,NA
"112","30","a",15,NA,NA,NA,NA,NA,NA,NA,"SE",107.25,124,NA,NA,NA,NA,NA,NA,NA,NA,NA,NA,NA,NA,NA,NA,NA
"113","30","a",20,"summer","field","NE",0.5,"SE",0.97,-15,"SE",107.25,124,"SE",5.77,-12,"SE",2.08,3,"SE",1.12,62,NA,NA,NA,NA,NA,NA
"114","30","a",25,NA,NA,NA,NA,NA,NA,NA,"SE",42.14,-12,NA,NA,NA,NA,NA,NA,NA,NA,NA,NA,NA,NA,NA,NA,NA
"115","30","a",30,"summer","field","NE",0.5,"SE",1.14,0,"SE",36.39,-24,"SE",6.55,0,"SE",2.02,0,"SE",0.69,0,NA,NA,NA,NA,NA,NA
"116","30","a",35,NA,NA,NA,NA,NA,NA,NA,"SE",47.88,0,NA,NA,NA,NA,NA,NA,NA,NA,NA,NA,NA,NA,NA,NA,NA
"117","30","b",-10,"summer","meadow","NW",0.5,"SE",2.28,8,"SE",38.3,-17,"SE",4.89,110,"SE",2.15,162,"SE",1.3,128,NA,NA,NA,NA,NA,NA
"118","30","b",-5,"summer","meadow","NW",0.5,"SE",1.79,-16,"SE",214.5,367,"SE",4.33,86,"SE",1.43,74,"SE",1.34,135,NA,NA,NA,NA,NA,NA
"119","30","b",0,"summer","meadow","NW",0.5,"SE",1.62,-24,"SE",55.54,21,"SE",2.55,9,"SE",0.58,-29,"SE",0.9,58,NA,NA,NA,NA,NA,NA
"120","30","b",5,"summer","meadow","NW",0.5,"SE",0.9,-58,"SE",135.98,196,"SE",1.89,-19,"SE",0.55,-33,"SE",0.56,-2,NA,NA,NA,NA,NA,NA
"121","30","b",10,"summer","meadow","NW",0.5,"SE",1.14,-46,"SE",107.25,133,"SE",2.11,-9,"SE",0.95,16,"SE",0.78,37,NA,NA,NA,NA,NA,NA
"122","30","b",15,"summer","meadow","NW",0.5,"SE",1.87,-12,"SE",88.09,92,"SE",3.11,33,"SE",1.33,62,"SE",0.39,-32,NA,NA,NA,NA,NA,NA
"123","30","b",20,NA,NA,NA,NA,NA,NA,NA,"SE",201.09,338,NA,NA,NA,NA,NA,NA,NA,NA,NA,NA,NA,NA,NA,NA,NA
"124","30","b",25,"summer","meadow","NW",0.5,"SE",1.3,-39,"SE",111.08,142,"SE",3.33,43,"SE",1.27,55,"SE",0.57,0,NA,NA,NA,NA,NA,NA
"125","30","b",30,NA,NA,NA,NA,NA,NA,NA,"SE",72.77,58,NA,NA,NA,NA,NA,NA,NA,NA,NA,NA,NA,NA,NA,NA,NA
"126","30","b",35,"summer","meadow","NW",0.5,"SE",2.12,0,"SE",45.96,0,"SE",2.33,0,"SE",0.82,0,NA,NA,NA,NA,NA,NA,NA,NA,NA
"127","31",NA,0,"warm",NA,NA,NA,"SD",1.67,20,NA,NA,NA,NA,NA,NA,NA,NA,NA,NA,NA,NA,NA,NA,NA,NA,NA,NA
"128","31",NA,5,"warm",NA,NA,NA,"SD",1.39,0,NA,NA,NA,NA,NA,NA,NA,NA,NA,NA,NA,NA,NA,NA,NA,NA,NA,NA
"129","31",NA,10,"warm",NA,NA,NA,"SD",1.3,-6,NA,NA,NA,NA,NA,NA,NA,NA,NA,NA,NA,NA,NA,NA,NA,NA,NA,NA
"130","31",NA,15,"warm",NA,NA,NA,"SD",1.4,1,NA,NA,NA,NA,NA,NA,NA,NA,NA,NA,NA,NA,NA,NA,NA,NA,NA,NA
"131","31",NA,20,"warm",NA,NA,NA,"SD",1.39,0,NA,NA,NA,NA,NA,NA,NA,NA,NA,NA,NA,NA,NA,NA,NA,NA,NA,NA
"132","31",NA,25,"warm",NA,NA,NA,"SD",1.49,7,NA,NA,NA,NA,NA,NA,NA,NA,NA,NA,NA,NA,NA,NA,NA,NA,NA,NA
"133","31",NA,35,"warm",NA,NA,NA,"SD",1.48,6,NA,NA,NA,NA,NA,NA,NA,NA,NA,NA,NA,NA,NA,NA,NA,NA,NA,NA
"134","31",NA,45,"warm",NA,NA,NA,"SD",1.49,7,NA,NA,NA,NA,NA,NA,NA,NA,NA,NA,NA,NA,NA,NA,NA,NA,NA,NA
"135","31",NA,55,"warm",NA,NA,NA,"SD",1.39,0,NA,NA,NA,NA,NA,NA,NA,NA,NA,NA,NA,NA,NA,NA,NA,NA,NA,NA
"136","31",NA,65,"warm",NA,NA,NA,"SD",1.2,-14,NA,NA,NA,NA,NA,NA,NA,NA,NA,NA,NA,NA,NA,NA,NA,NA,NA,NA
"137","31",NA,75,"warm",NA,NA,NA,"SD",1.39,0,NA,NA,NA,NA,NA,NA,NA,NA,NA,NA,NA,NA,NA,NA,NA,NA,NA,NA
"138","31",NA,90,"warm",NA,NA,NA,"SD",1.4,1,NA,NA,NA,NA,NA,NA,NA,NA,NA,NA,NA,NA,NA,NA,NA,NA,NA,NA
"139","31",NA,105,"warm",NA,NA,NA,"SD",1.39,0,NA,NA,NA,NA,NA,NA,NA,NA,NA,NA,NA,NA,NA,NA,NA,NA,NA,NA
"140","31",NA,120,"warm",NA,NA,NA,"SD",1.39,0,NA,NA,NA,NA,NA,NA,NA,NA,NA,NA,NA,NA,NA,NA,NA,NA,NA,NA
"141","31",NA,135,"warm",NA,NA,NA,"SD",1.39,0,NA,NA,NA,NA,NA,NA,NA,NA,NA,NA,NA,NA,NA,NA,NA,NA,NA,NA
"142","31",NA,150,"warm",NA,NA,NA,"SD",1.39,0,NA,NA,NA,NA,NA,NA,NA,NA,NA,NA,NA,NA,NA,NA,NA,NA,NA,NA
"143","32",NA,-10,"summer","conifer.clearcut",NA,15,"SE",0.42,5,NA,NA,NA,"SE",3.41,30,"SE",0.37,48,"SE",0.46,100,"SE",0.08,33,"SE",0.07,600
"144","32",NA,0,"summer","conifer.clearcut",NA,15,"SE",0.4,0,NA,NA,NA,NA,NA,NA,NA,NA,NA,NA,NA,NA,NA,NA,NA,"SE",0.04,300
"145","32",NA,10,NA,NA,NA,NA,NA,NA,NA,NA,NA,NA,"SE",2.88,10,"SE",0.48,92,"SE",0.43,87,"SE",0.07,17,NA,NA,NA
"146","32",NA,250,"summer","conifer.clearcut",NA,15,"SE",0.4,0,NA,NA,NA,"SE",2.63,0,"SE",0.25,0,"SE",0.23,0,"SE",0.06,0,"SE",0.01,0
"147","34",NA,-5,"dry",NA,NA,20,"SE",1.27,61,NA,NA,NA,"SE",1.26,97,NA,NA,NA,NA,NA,NA,"SE",0,-100,NA,NA,NA
"148","34",NA,0,"dry",NA,NA,20,"SE",1.08,37,NA,NA,NA,"SE",1.22,91,NA,NA,NA,NA,NA,NA,"SE",0.27,-7,NA,NA,NA
"149","34",NA,30,"dry",NA,NA,20,"SE",0.79,0,NA,NA,NA,"SE",0.64,0,NA,NA,NA,NA,NA,NA,"SE",0.29,0,NA,NA,NA
"150","37",NA,-10,NA,"pasture",NA,90,NA,NA,NA,NA,NA,NA,NA,NA,NA,NA,NA,NA,NA,NA,NA,NA,NA,NA,"SE",0.12,0
"151","37",NA,-5,NA,"pasture",NA,90,NA,NA,NA,NA,NA,NA,NA,NA,NA,NA,NA,NA,NA,NA,NA,NA,NA,NA,"SE",0,NA
"152","37",NA,0,NA,"pasture",NA,90,NA,NA,NA,NA,NA,NA,NA,NA,NA,NA,NA,NA,NA,NA,NA,NA,NA,NA,"SE",0.2,0
"153","37",NA,5,NA,"pasture",NA,90,NA,NA,NA,NA,NA,NA,NA,NA,NA,NA,NA,NA,NA,NA,NA,NA,NA,NA,"SE",0,NA
"154","37",NA,10,NA,"pasture",NA,90,NA,NA,NA,NA,NA,NA,NA,NA,NA,NA,NA,NA,NA,NA,NA,NA,NA,NA,"SE",0.08,0
"155","37",NA,20,NA,"pasture",NA,90,NA,NA,NA,NA,NA,NA,NA,NA,NA,NA,NA,NA,NA,NA,NA,NA,NA,NA,"SE",0,NA
"156","37",NA,40,NA,"pasture",NA,90,NA,NA,NA,NA,NA,NA,NA,NA,NA,NA,NA,NA,NA,NA,NA,NA,NA,NA,"SE",0,NA
"157","37",NA,80,NA,"pasture",NA,90,NA,NA,NA,NA,NA,NA,NA,NA,NA,NA,NA,NA,NA,NA,NA,NA,NA,NA,"SE",0,NA
"158","38","a",-3,"spring",NA,NA,NA,"SE",1.47,37,NA,NA,NA,NA,NA,NA,NA,NA,NA,"SE",2.83,288,NA,NA,NA,NA,NA,NA
"159","38","a",-1,"spring",NA,NA,NA,"SE",1.66,55,NA,NA,NA,NA,NA,NA,NA,NA,NA,"SE",3.75,414,NA,NA,NA,NA,NA,NA
"160","38","a",1,"spring",NA,NA,NA,"SE",1.35,26,NA,NA,NA,NA,NA,NA,NA,NA,NA,"SE",1.37,88,NA,NA,NA,NA,NA,NA
"161","38","a",3,"spring",NA,NA,NA,"SE",1.09,2,NA,NA,NA,NA,NA,NA,NA,NA,NA,"SE",1,37,NA,NA,NA,NA,NA,NA
"162","38","a",6,"spring",NA,NA,NA,"SE",0.91,-15,NA,NA,NA,NA,NA,NA,NA,NA,NA,"SE",0.74,1,NA,NA,NA,NA,NA,NA
"163","38","a",10,"spring",NA,NA,NA,"SE",0.88,-18,NA,NA,NA,NA,NA,NA,NA,NA,NA,"SE",0.74,1,NA,NA,NA,NA,NA,NA
"164","38","a",20,"spring",NA,NA,NA,"SE",0.81,-24,NA,NA,NA,NA,NA,NA,NA,NA,NA,"SE",0.82,12,NA,NA,NA,NA,NA,NA
"165","38","a",40,"spring",NA,NA,NA,"SE",0.84,-21,NA,NA,NA,NA,NA,NA,NA,NA,NA,"SE",0.46,-37,NA,NA,NA,NA,NA,NA
"166","38","a",60,"spring",NA,NA,NA,"SE",1.07,0,NA,NA,NA,NA,NA,NA,NA,NA,NA,"SE",0.73,0,NA,NA,NA,NA,NA,NA
"167","38","a",100,"spring",NA,NA,NA,"SE",1.07,0,NA,NA,NA,NA,NA,NA,NA,NA,NA,"SE",0.73,0,NA,NA,NA,NA,NA,NA
"168","38","b",-3,"spring",NA,NA,NA,"SE",1.53,-19,NA,NA,NA,NA,NA,NA,NA,NA,NA,"SE",5.03,130,NA,NA,NA,NA,NA,NA
"169","38","b",-1,"spring",NA,NA,NA,"SE",1.59,-15,NA,NA,NA,NA,NA,NA,NA,NA,NA,"SE",4.02,84,NA,NA,NA,NA,NA,NA
"170","38","b",1,"spring",NA,NA,NA,"SE",1.48,-21,NA,NA,NA,NA,NA,NA,NA,NA,NA,"SE",2.37,8,NA,NA,NA,NA,NA,NA
"171","38","b",3,"spring",NA,NA,NA,"SE",1.41,-25,NA,NA,NA,NA,NA,NA,NA,NA,NA,"SE",3.29,50,NA,NA,NA,NA,NA,NA
"172","38","b",6,"spring",NA,NA,NA,"SE",1.34,-29,NA,NA,NA,NA,NA,NA,NA,NA,NA,"SE",2.02,-8,NA,NA,NA,NA,NA,NA
"173","38","b",10,"spring",NA,NA,NA,"SE",1.04,-45,NA,NA,NA,NA,NA,NA,NA,NA,NA,"SE",1.28,-42,NA,NA,NA,NA,NA,NA
"174","38","b",20,"spring",NA,NA,NA,"SE",1.15,-39,NA,NA,NA,NA,NA,NA,NA,NA,NA,"SE",2.74,25,NA,NA,NA,NA,NA,NA
"175","38","b",40,"spring",NA,NA,NA,"SE",1.47,-22,NA,NA,NA,NA,NA,NA,NA,NA,NA,"SE",1.19,-46,NA,NA,NA,NA,NA,NA
"176","38","b",60,"spring",NA,NA,NA,"SE",1.22,-35,NA,NA,NA,NA,NA,NA,NA,NA,NA,"SE",1.74,-21,NA,NA,NA,NA,NA,NA
"177","38","b",100,"spring",NA,NA,NA,"SE",1.88,0,NA,NA,NA,NA,NA,NA,NA,NA,NA,"SE",2.19,0,NA,NA,NA,NA,NA,NA
"178","40",NA,0,"dry",NA,NA,NA,NA,NA,NA,NA,NA,NA,NA,NA,NA,NA,NA,NA,NA,NA,NA,NA,NA,NA,NA,NA,NA
"179","40",NA,40,"dry",NA,NA,NA,NA,NA,NA,NA,NA,NA,NA,NA,NA,NA,NA,NA,NA,NA,NA,NA,NA,NA,NA,NA,NA
"180","41","a",0,NA,"savanna",NA,NA,"SD",0.9,29,NA,NA,NA,NA,NA,NA,NA,NA,NA,NA,NA,NA,NA,NA,NA,NA,NA,NA
"181","41","a",120,NA,"savanna",NA,NA,"SD",0.7,0,NA,NA,NA,NA,NA,NA,NA,NA,NA,NA,NA,NA,NA,NA,NA,NA,NA,NA
"182","41","b",0,NA,"savanna",NA,NA,"SD",2.4,71,NA,NA,NA,NA,NA,NA,NA,NA,NA,NA,NA,NA,NA,NA,NA,NA,NA,NA
"183","41","b",120,NA,"savanna",NA,NA,"SD",1.4,0,NA,NA,NA,NA,NA,NA,NA,NA,NA,NA,NA,NA,NA,NA,NA,NA,NA,NA
"184","41","c",0,NA,"highway",NA,NA,"SD",0.8,-47,NA,NA,NA,NA,NA,NA,NA,NA,NA,NA,NA,NA,NA,NA,NA,NA,NA,NA
"185","41","c",120,NA,"highway",NA,NA,"SD",1.5,0,NA,NA,NA,NA,NA,NA,NA,NA,NA,NA,NA,NA,NA,NA,NA,NA,NA,NA
"186","41","d",0,NA,"pasture",NA,NA,"SD",2.1,250,NA,NA,NA,NA,NA,NA,NA,NA,NA,NA,NA,NA,NA,NA,NA,NA,NA,NA
"187","41","d",120,NA,"pasture",NA,NA,"SD",0.6,0,NA,NA,NA,NA,NA,NA,NA,NA,NA,NA,NA,NA,NA,NA,NA,NA,NA,NA
"188","41","e",0,NA,"pasture",NA,NA,"SD",1.1,83,NA,NA,NA,NA,NA,NA,NA,NA,NA,NA,NA,NA,NA,NA,NA,NA,NA,NA
"189","41","e",120,NA,"pasture",NA,NA,"SD",0.6,0,NA,NA,NA,NA,NA,NA,NA,NA,NA,NA,NA,NA,NA,NA,NA,NA,NA,NA
"190","41","f",0,NA,"savanna",NA,NA,"SD",0.8,60,NA,NA,NA,NA,NA,NA,NA,NA,NA,NA,NA,NA,NA,NA,NA,NA,NA,NA
"191","41","f",120,NA,"savanna",NA,NA,"SD",0.5,0,NA,NA,NA,NA,NA,NA,NA,NA,NA,NA,NA,NA,NA,NA,NA,NA,NA,NA
"192","41","g",0,NA,"highway",NA,NA,"SD",2.2,175,NA,NA,NA,NA,NA,NA,NA,NA,NA,NA,NA,NA,NA,NA,NA,NA,NA,NA
"193","41","g",120,NA,"highway",NA,NA,"SD",0.8,0,NA,NA,NA,NA,NA,NA,NA,NA,NA,NA,NA,NA,NA,NA,NA,NA,NA,NA
"194","41","h",0,NA,"ag.field",NA,NA,"SD",0.7,0,NA,NA,NA,NA,NA,NA,NA,NA,NA,NA,NA,NA,NA,NA,NA,NA,NA,NA
"195","41","h",120,NA,"ag.field",NA,NA,"SD",0.7,0,NA,NA,NA,NA,NA,NA,NA,NA,NA,NA,NA,NA,NA,NA,NA,NA,NA,NA
"196","41","i",0,NA,"ag.field",NA,NA,"SD",0.7,-13,NA,NA,NA,NA,NA,NA,NA,NA,NA,NA,NA,NA,NA,NA,NA,NA,NA,NA
"197","41","i",120,NA,"ag.field",NA,NA,"SD",0.8,0,NA,NA,NA,NA,NA,NA,NA,NA,NA,NA,NA,NA,NA,NA,NA,NA,NA,NA
"198","41","j",0,NA,"eucalyptus.farm",NA,NA,"SD",2.4,100,NA,NA,NA,NA,NA,NA,NA,NA,NA,NA,NA,NA,NA,NA,NA,NA,NA,NA
"199","41","j",120,NA,"eucalyptus.farm",NA,NA,"SD",1.2,0,NA,NA,NA,NA,NA,NA,NA,NA,NA,NA,NA,NA,NA,NA,NA,NA,NA,NA
"200","41","k",0,NA,"eucalyptus.farm",NA,NA,"SD",1.8,29,NA,NA,NA,NA,NA,NA,NA,NA,NA,NA,NA,NA,NA,NA,NA,NA,NA,NA
"201","41","k",120,NA,"eucalyptus.farm",NA,NA,"SD",1.4,0,NA,NA,NA,NA,NA,NA,NA,NA,NA,NA,NA,NA,NA,NA,NA,NA,NA,NA
"202","43","1",0,NA,"ag.field","E",0,"SE",0.95,121,NA,NA,NA,"SE",4.06,-39,NA,NA,NA,NA,NA,NA,NA,NA,NA,NA,NA,NA
"203","43","1",2,NA,"ag.field","E",0,"SE",0.72,67,NA,NA,NA,"SE",6.8,2,NA,NA,NA,NA,NA,NA,NA,NA,NA,NA,NA,NA
"204","43","1",5,NA,"ag.field","E",0,"SE",0.64,49,NA,NA,NA,"SE",4.72,-29,NA,NA,NA,NA,NA,NA,NA,NA,NA,NA,NA,NA
"205","43","1",10,NA,"ag.field","E",0,"SE",0.54,26,NA,NA,NA,"SE",5.59,-16,NA,NA,NA,NA,NA,NA,NA,NA,NA,NA,NA,NA
"206","43","1",15,NA,"ag.field","E",0,"SE",0.65,51,NA,NA,NA,"SE",3.51,-48,NA,NA,NA,NA,NA,NA,NA,NA,NA,NA,NA,NA
"207","43","1",25,NA,"ag.field","E",0,"SE",0.62,44,NA,NA,NA,"SE",4.83,-28,NA,NA,NA,NA,NA,NA,NA,NA,NA,NA,NA,NA
"208","43","1",40,NA,"ag.field","E",0,"SE",0.62,44,NA,NA,NA,"SE",6.58,-2,NA,NA,NA,NA,NA,NA,NA,NA,NA,NA,NA,NA
"209","43","1",60,NA,"ag.field","E",0,"SE",0.51,19,NA,NA,NA,"SE",6.91,3,NA,NA,NA,NA,NA,NA,NA,NA,NA,NA,NA,NA
"210","43","1",80,NA,"ag.field","E",0,"SE",0.56,30,NA,NA,NA,"SE",8.88,33,NA,NA,NA,NA,NA,NA,NA,NA,NA,NA,NA,NA
"211","43","1",100,NA,"ag.field","E",0,"SE",0.59,37,NA,NA,NA,"SE",5.48,-18,NA,NA,NA,NA,NA,NA,NA,NA,NA,NA,NA,NA
"212","43","1",175,NA,"ag.field","E",0,"SE",0.43,0,NA,NA,NA,"SE",6.69,0,NA,NA,NA,NA,NA,NA,NA,NA,NA,NA,NA,NA
"213","43","2",0,NA,"ag.field","S",0,"SE",0.31,0,NA,NA,NA,"SE",5.27,7,NA,NA,NA,NA,NA,NA,NA,NA,NA,NA,NA,NA
"214","43","2",2,NA,"ag.field","S",0,"SE",0.36,0,NA,NA,NA,"SE",2.96,-40,NA,NA,NA,NA,NA,NA,NA,NA,NA,NA,NA,NA
"215","43","2",5,NA,"ag.field","S",0,"SE",0,NA,NA,NA,NA,"SE",1.64,-67,NA,NA,NA,NA,NA,NA,NA,NA,NA,NA,NA,NA
"216","43","2",10,NA,"ag.field","S",0,"SE",0,NA,NA,NA,NA,NA,NA,NA,NA,NA,NA,NA,NA,NA,NA,NA,NA,NA,NA,NA
"217","43","2",15,NA,"ag.field","S",0,"SE",0,NA,NA,NA,NA,NA,NA,NA,NA,NA,NA,NA,NA,NA,NA,NA,NA,NA,NA,NA
"218","43","2",25,NA,"ag.field","S",0,"SE",0.33,0,NA,NA,NA,"SE",3.29,-33,NA,NA,NA,NA,NA,NA,NA,NA,NA,NA,NA,NA
"219","43","2",40,NA,"ag.field","S",0,"SE",0.61,0,NA,NA,NA,NA,NA,NA,NA,NA,NA,NA,NA,NA,NA,NA,NA,NA,NA,NA
"220","43","2",60,NA,"ag.field","S",0,"SE",0.41,0,NA,NA,NA,"SE",3.18,-35,NA,NA,NA,NA,NA,NA,NA,NA,NA,NA,NA,NA
"221","43","2",80,NA,"ag.field","S",0,"SE",0.49,0,NA,NA,NA,NA,NA,NA,NA,NA,NA,NA,NA,NA,NA,NA,NA,NA,NA,NA
"222","43","2",100,NA,"ag.field","S",0,"SE",0.39,0,NA,NA,NA,"SE",1.31,-73,NA,NA,NA,NA,NA,NA,NA,NA,NA,NA,NA,NA
"223","43","2",175,NA,"ag.field","S",0,"SE",0,NA,NA,NA,NA,"SE",4.93,0,NA,NA,NA,NA,NA,NA,NA,NA,NA,NA,NA,NA
"224","43","3",0,NA,"ag.field","W",0,"SE",0.57,84,NA,NA,NA,"SE",4.93,28,NA,NA,NA,NA,NA,NA,NA,NA,NA,NA,NA,NA
"225","43","3",2,NA,"ag.field","W",0,"SE",0.62,100,NA,NA,NA,"SE",8.34,117,NA,NA,NA,NA,NA,NA,NA,NA,NA,NA,NA,NA
"226","43","3",5,NA,"ag.field","W",0,"SE",0.41,32,NA,NA,NA,"SE",6.47,68,NA,NA,NA,NA,NA,NA,NA,NA,NA,NA,NA,NA
"227","43","3",10,NA,"ag.field","W",0,"SE",0.28,-10,NA,NA,NA,"SE",5.82,52,NA,NA,NA,NA,NA,NA,NA,NA,NA,NA,NA,NA
"228","43","3",15,NA,"ag.field","W",0,"SE",0.29,-6,NA,NA,NA,"SE",5.27,37,NA,NA,NA,NA,NA,NA,NA,NA,NA,NA,NA,NA
"229","43","3",25,NA,"ag.field","W",0,"SE",0.36,16,NA,NA,NA,"SE",3.95,3,NA,NA,NA,NA,NA,NA,NA,NA,NA,NA,NA,NA
"230","43","3",40,NA,"ag.field","W",0,"SE",0.36,16,NA,NA,NA,"SE",2.52,-34,NA,NA,NA,NA,NA,NA,NA,NA,NA,NA,NA,NA
"231","43","3",60,NA,"ag.field","W",0,"SE",0,-100,NA,NA,NA,"SE",3.4,-11,NA,NA,NA,NA,NA,NA,NA,NA,NA,NA,NA,NA
"232","43","3",80,NA,"ag.field","W",0,"SE",0,-100,NA,NA,NA,"SE",1.86,-52,NA,NA,NA,NA,NA,NA,NA,NA,NA,NA,NA,NA
"233","43","3",100,NA,"ag.field","W",0,"SE",0.25,-19,NA,NA,NA,"SE",4.17,9,NA,NA,NA,NA,NA,NA,NA,NA,NA,NA,NA,NA
"234","43","3",175,NA,"ag.field","W",0,"SE",0.31,0,NA,NA,NA,"SE",3.84,0,NA,NA,NA,NA,NA,NA,NA,NA,NA,NA,NA,NA
"235","43","4",0,NA,"ag.field","E",0,"SE",0.7,0,NA,NA,NA,NA,NA,NA,NA,NA,NA,NA,NA,NA,NA,NA,NA,NA,NA,NA
"236","43","4",2,NA,"ag.field","E",0,"SE",0,NA,NA,NA,NA,NA,NA,NA,NA,NA,NA,NA,NA,NA,NA,NA,NA,NA,NA,NA
"237","43","4",5,NA,"ag.field","E",0,"SE",0,NA,NA,NA,NA,"SE",2.42,NA,NA,NA,NA,NA,NA,NA,NA,NA,NA,NA,NA,NA
"238","43","4",10,NA,"ag.field","E",0,"SE",0,NA,NA,NA,NA,"SE",1.61,NA,NA,NA,NA,NA,NA,NA,NA,NA,NA,NA,NA,NA
"239","43","4",15,NA,"ag.field","E",0,"SE",0,NA,NA,NA,NA,NA,NA,NA,NA,NA,NA,NA,NA,NA,NA,NA,NA,NA,NA,NA
"240","43","4",25,NA,"ag.field","E",0,"SE",0,NA,NA,NA,NA,"SE",1.81,NA,NA,NA,NA,NA,NA,NA,NA,NA,NA,NA,NA,NA
"241","43","4",40,NA,"ag.field","E",0,"SE",0,NA,NA,NA,NA,"SE",1.91,NA,NA,NA,NA,NA,NA,NA,NA,NA,NA,NA,NA,NA
"242","43","4",60,NA,"ag.field","E",0,"SE",0,NA,NA,NA,NA,NA,NA,NA,NA,NA,NA,NA,NA,NA,NA,NA,NA,NA,NA,NA
"243","43","4",80,NA,"ag.field","E",0,"SE",0.34,0,NA,NA,NA,NA,NA,NA,NA,NA,NA,NA,NA,NA,NA,NA,NA,NA,NA,NA
"244","43","4",100,NA,"ag.field","E",0,"SE",0,NA,NA,NA,NA,"SE",0,NA,NA,NA,NA,NA,NA,NA,NA,NA,NA,NA,NA,NA
"245","43","4",175,NA,"ag.field","E",0,"SE",0,NA,NA,NA,NA,NA,NA,NA,NA,NA,NA,NA,NA,NA,NA,NA,NA,NA,NA,NA
"246","43","5",0,NA,"ag.field","N",0,"SE",0.87,107,NA,NA,NA,NA,NA,NA,NA,NA,NA,NA,NA,NA,NA,NA,NA,NA,NA,NA
"247","43","5",2,NA,"ag.field","N",0,"SE",0.37,-12,NA,NA,NA,NA,NA,NA,NA,NA,NA,NA,NA,NA,NA,NA,NA,NA,NA,NA
"248","43","5",5,NA,"ag.field","N",0,"SE",0.37,-12,NA,NA,NA,NA,NA,NA,NA,NA,NA,NA,NA,NA,NA,NA,NA,NA,NA,NA
"249","43","5",10,NA,"ag.field","N",0,"SE",0,-100,NA,NA,NA,NA,NA,NA,NA,NA,NA,NA,NA,NA,NA,NA,NA,NA,NA,NA
"250","43","5",15,NA,"ag.field","N",0,"SE",0.56,33,NA,NA,NA,NA,NA,NA,NA,NA,NA,NA,NA,NA,NA,NA,NA,NA,NA,NA
"251","43","5",25,NA,"ag.field","N",0,"SE",0.44,5,NA,NA,NA,NA,NA,NA,NA,NA,NA,NA,NA,NA,NA,NA,NA,NA,NA,NA
"252","43","5",40,NA,"ag.field","N",0,"SE",0.47,12,NA,NA,NA,NA,NA,NA,NA,NA,NA,NA,NA,NA,NA,NA,NA,NA,NA,NA
"253","43","5",60,NA,"ag.field","N",0,"SE",0.78,86,NA,NA,NA,NA,NA,NA,NA,NA,NA,NA,NA,NA,NA,NA,NA,NA,NA,NA
"254","43","5",80,NA,"ag.field","N",0,"SE",0.85,102,NA,NA,NA,NA,NA,NA,NA,NA,NA,NA,NA,NA,NA,NA,NA,NA,NA,NA
"255","43","5",100,NA,"ag.field","N",0,"SE",0.84,100,NA,NA,NA,NA,NA,NA,NA,NA,NA,NA,NA,NA,NA,NA,NA,NA,NA,NA
"256","43","5",175,NA,"ag.field","N",0,"SE",0.42,0,NA,NA,NA,NA,NA,NA,NA,NA,NA,NA,NA,NA,NA,NA,NA,NA,NA,NA
"257","43","6",0,NA,"ag.field","W",0,"SE",0.25,-75,NA,NA,NA,NA,NA,NA,NA,NA,NA,NA,NA,NA,NA,NA,NA,NA,NA,NA
"258","43","6",2,NA,"ag.field","W",0,"SE",0.54,-47,NA,NA,NA,NA,NA,NA,NA,NA,NA,NA,NA,NA,NA,NA,NA,NA,NA,NA
"259","43","6",5,NA,"ag.field","W",0,"SE",0.68,-33,NA,NA,NA,NA,NA,NA,NA,NA,NA,NA,NA,NA,NA,NA,NA,NA,NA,NA
"260","43","6",10,NA,"ag.field","W",0,"SE",0.76,-25,NA,NA,NA,NA,NA,NA,NA,NA,NA,NA,NA,NA,NA,NA,NA,NA,NA,NA
"261","43","6",15,NA,"ag.field","W",0,"SE",0.68,-33,NA,NA,NA,NA,NA,NA,NA,NA,NA,NA,NA,NA,NA,NA,NA,NA,NA,NA
"262","43","6",25,NA,"ag.field","W",0,"SE",0.67,-34,NA,NA,NA,NA,NA,NA,NA,NA,NA,NA,NA,NA,NA,NA,NA,NA,NA,NA
"263","43","6",40,NA,"ag.field","W",0,"SE",1.09,8,NA,NA,NA,NA,NA,NA,NA,NA,NA,NA,NA,NA,NA,NA,NA,NA,NA,NA
"264","43","6",60,NA,"ag.field","W",0,"SE",0.81,-20,NA,NA,NA,NA,NA,NA,NA,NA,NA,NA,NA,NA,NA,NA,NA,NA,NA,NA
"265","43","6",80,NA,"ag.field","W",0,"SE",0.9,-11,NA,NA,NA,NA,NA,NA,NA,NA,NA,NA,NA,NA,NA,NA,NA,NA,NA,NA
"266","43","6",100,NA,"ag.field","W",0,"SE",0.7,-31,NA,NA,NA,NA,NA,NA,NA,NA,NA,NA,NA,NA,NA,NA,NA,NA,NA,NA
"267","43","6",175,NA,"ag.field","W",0,"SE",1.01,0,NA,NA,NA,NA,NA,NA,NA,NA,NA,NA,NA,NA,NA,NA,NA,NA,NA,NA
"268","43","a",0,NA,"ag.field","N",0,"SE",0.35,0,NA,NA,NA,"SE",0,-100,NA,NA,NA,NA,NA,NA,NA,NA,NA,NA,NA,NA
"269","43","a",2,NA,"ag.field","N",0,"SE",0,NA,NA,NA,NA,"SE",0,-100,NA,NA,NA,NA,NA,NA,NA,NA,NA,NA,NA,NA
"270","43","a",5,NA,"ag.field","N",0,"SE",0,NA,NA,NA,NA,"SE",0,-100,NA,NA,NA,NA,NA,NA,NA,NA,NA,NA,NA,NA
"271","43","a",10,NA,"ag.field","N",0,"SE",0.43,0,NA,NA,NA,"SE",0,-100,NA,NA,NA,NA,NA,NA,NA,NA,NA,NA,NA,NA
"272","43","a",15,NA,"ag.field","N",0,"SE",0.67,0,NA,NA,NA,"SE",0,-100,NA,NA,NA,NA,NA,NA,NA,NA,NA,NA,NA,NA
"273","43","a",25,NA,"ag.field","N",0,"SE",0.44,0,NA,NA,NA,"SE",0,-100,NA,NA,NA,NA,NA,NA,NA,NA,NA,NA,NA,NA
"274","43","a",40,NA,"ag.field","N",0,"SE",0.31,0,NA,NA,NA,"SE",1.76,-20,NA,NA,NA,NA,NA,NA,NA,NA,NA,NA,NA,NA
"275","43","a",60,NA,"ag.field","N",0,"SE",0,NA,NA,NA,NA,"SE",1.54,-30,NA,NA,NA,NA,NA,NA,NA,NA,NA,NA,NA,NA
"276","43","a",80,NA,"ag.field","N",0,"SE",0,NA,NA,NA,NA,"SE",1.76,-20,NA,NA,NA,NA,NA,NA,NA,NA,NA,NA,NA,NA
"277","43","a",100,NA,"ag.field","N",0,"SE",0,NA,NA,NA,NA,"SE",1.97,-10,NA,NA,NA,NA,NA,NA,NA,NA,NA,NA,NA,NA
"278","43","a",175,NA,"ag.field","N",0,"SE",0,NA,NA,NA,NA,"SE",2.19,0,NA,NA,NA,NA,NA,NA,NA,NA,NA,NA,NA,NA
"279","43","b",0,NA,"ag.field","S",0,"SE",3,0,NA,NA,NA,"SE",1.71,-76,NA,NA,NA,NA,NA,NA,NA,NA,NA,NA,NA,NA
"280","43","b",2,NA,"ag.field","S",0,"SE",0.87,0,NA,NA,NA,"SE",4.94,-31,NA,NA,NA,NA,NA,NA,NA,NA,NA,NA,NA,NA
"281","43","b",5,NA,"ag.field","S",0,"SE",0.53,0,NA,NA,NA,"SE",3.12,-56,NA,NA,NA,NA,NA,NA,NA,NA,NA,NA,NA,NA
"282","43","b",10,NA,"ag.field","S",0,"SE",0.51,0,NA,NA,NA,"SE",2.52,-65,NA,NA,NA,NA,NA,NA,NA,NA,NA,NA,NA,NA
"283","43","b",15,NA,"ag.field","S",0,"SE",0.56,0,NA,NA,NA,"SE",3.23,-55,NA,NA,NA,NA,NA,NA,NA,NA,NA,NA,NA,NA
"284","43","b",25,NA,"ag.field","S",0,"SE",0.62,0,NA,NA,NA,"SE",2.92,-59,NA,NA,NA,NA,NA,NA,NA,NA,NA,NA,NA,NA
"285","43","b",40,NA,"ag.field","S",0,"SE",0.56,0,NA,NA,NA,"SE",6.65,-7,NA,NA,NA,NA,NA,NA,NA,NA,NA,NA,NA,NA
"286","43","b",60,NA,"ag.field","S",0,"SE",1.09,0,NA,NA,NA,"SE",4.44,-38,NA,NA,NA,NA,NA,NA,NA,NA,NA,NA,NA,NA
"287","43","b",80,NA,"ag.field","S",0,"SE",0.65,0,NA,NA,NA,"SE",3.33,-53,NA,NA,NA,NA,NA,NA,NA,NA,NA,NA,NA,NA
"288","43","b",100,NA,"ag.field","S",0,"SE",0.98,0,NA,NA,NA,"SE",4.23,-41,NA,NA,NA,NA,NA,NA,NA,NA,NA,NA,NA,NA
"289","43","b",175,NA,"ag.field","S",0,"SE",0,NA,NA,NA,NA,"SE",7.16,0,NA,NA,NA,NA,NA,NA,NA,NA,NA,NA,NA,NA
"290","44",NA,0,NA,"field",NA,NA,"SD",0,NA,NA,NA,NA,"SD",0,NA,NA,NA,NA,NA,NA,NA,NA,NA,NA,NA,NA,NA
"291","44",NA,2,NA,"field",NA,NA,"SD",2.21,0,NA,NA,NA,"SD",4.67,0,NA,NA,NA,NA,NA,NA,NA,NA,NA,NA,NA,NA
"292","44",NA,7,NA,"field",NA,NA,"SD",3.08,0,NA,NA,NA,"SD",4.89,0,NA,NA,NA,NA,NA,NA,NA,NA,NA,NA,NA,NA
"293","44",NA,12,NA,"field",NA,NA,"SD",3.26,0,NA,NA,NA,"SD",5.83,0,NA,NA,NA,NA,NA,NA,NA,NA,NA,NA,NA,NA
"294","44",NA,17,NA,"field",NA,NA,"SD",2.01,0,NA,NA,NA,"SD",6.01,0,NA,NA,NA,NA,NA,NA,NA,NA,NA,NA,NA,NA
"295","44",NA,22,NA,"field",NA,NA,"SD",2.15,0,NA,NA,NA,"SD",3.5,0,NA,NA,NA,NA,NA,NA,NA,NA,NA,NA,NA,NA
"296","44",NA,27,NA,"field",NA,NA,"SD",2.39,0,NA,NA,NA,"SD",5.13,0,NA,NA,NA,NA,NA,NA,NA,NA,NA,NA,NA,NA
"297","44",NA,33,NA,"field",NA,NA,"SD",1.13,0,NA,NA,NA,"SD",6.01,0,NA,NA,NA,NA,NA,NA,NA,NA,NA,NA,NA,NA
"298","44",NA,37,NA,"field",NA,NA,"SD",0.55,0,NA,NA,NA,"SD",7.11,0,NA,NA,NA,NA,NA,NA,NA,NA,NA,NA,NA,NA
"299","44",NA,42,NA,"field",NA,NA,"SD",2.12,0,NA,NA,NA,"SD",1.46,0,NA,NA,NA,NA,NA,NA,NA,NA,NA,NA,NA,NA
"300","44",NA,47,NA,"field",NA,NA,"SD",3,0,NA,NA,NA,"SD",4.49,0,NA,NA,NA,NA,NA,NA,NA,NA,NA,NA,NA,NA
"301","44",NA,53,NA,"field",NA,NA,"SD",1.4,0,NA,NA,NA,"SD",3.56,0,NA,NA,NA,NA,NA,NA,NA,NA,NA,NA,NA,NA
"302","44",NA,57,NA,"field",NA,NA,"SD",0,NA,NA,NA,NA,"SD",0,NA,NA,NA,NA,NA,NA,NA,NA,NA,NA,NA,NA,NA
"303","44",NA,62,NA,"field",NA,NA,"SD",0.72,0,NA,NA,NA,"SD",4.2,0,NA,NA,NA,NA,NA,NA,NA,NA,NA,NA,NA,NA
"304","44",NA,68,NA,"field",NA,NA,"SD",0,NA,NA,NA,NA,"SD",0,NA,NA,NA,NA,NA,NA,NA,NA,NA,NA,NA,NA,NA
"305","44",NA,72,NA,"field",NA,NA,"SD",1.95,0,NA,NA,NA,"SD",5.07,0,NA,NA,NA,NA,NA,NA,NA,NA,NA,NA,NA,NA
"306","44",NA,77,NA,"field",NA,NA,"SD",0,NA,NA,NA,NA,"SD",0,NA,NA,NA,NA,NA,NA,NA,NA,NA,NA,NA,NA,NA
"307","45","1",-10,"summer","clearing","S-W",7,"CI",0.41,-16,NA,NA,NA,NA,NA,NA,NA,NA,NA,"CI",0.28,-77,NA,NA,NA,NA,NA,NA
"308","45","1",-5,"summer","clearing","S-W",7,"CI",0.41,-16,NA,NA,NA,NA,NA,NA,NA,NA,NA,"CI",2.87,139,NA,NA,NA,NA,NA,NA
"309","45","1",0,"summer","clearing","S-W",7,"CI",0,-100,NA,NA,NA,NA,NA,NA,NA,NA,NA,"CI",0.7,-42,NA,NA,NA,NA,NA,NA
"310","45","1",5,"summer","clearing","S-W",7,"CI",0.82,67,NA,NA,NA,NA,NA,NA,NA,NA,NA,"CI",2.36,97,NA,NA,NA,NA,NA,NA
"311","45","1",10,"summer","clearing","S-W",7,"CI",0.7,43,NA,NA,NA,NA,NA,NA,NA,NA,NA,"CI",2.96,147,NA,NA,NA,NA,NA,NA
"312","45","1",15,"summer","clearing","S-W",7,"CI",0.78,59,NA,NA,NA,NA,NA,NA,NA,NA,NA,"CI",0.97,-19,NA,NA,NA,NA,NA,NA
"313","45","1",20,"summer","clearing","S-W",7,"CI",0.52,6,NA,NA,NA,NA,NA,NA,NA,NA,NA,"CI",1.21,1,NA,NA,NA,NA,NA,NA
"314","45","1",30,"summer","clearing","S-W",7,"CI",0.3,-39,NA,NA,NA,NA,NA,NA,NA,NA,NA,"CI",0,-100,NA,NA,NA,NA,NA,NA
"315","45","1",40,"summer","clearing","S-W",7,"CI",0,-100,NA,NA,NA,NA,NA,NA,NA,NA,NA,"CI",0.88,-27,NA,NA,NA,NA,NA,NA
"316","45","1",56,"summer","clearing","S-W",7,"CI",0.49,0,NA,NA,NA,NA,NA,NA,NA,NA,NA,"CI",1.2,0,NA,NA,NA,NA,NA,NA
"317","45","2",-10,"summer","clearing","N-E",7,"CI",0.07,0,NA,NA,NA,NA,NA,NA,NA,NA,NA,"CI",1.53,0,NA,NA,NA,NA,NA,NA
"318","45","2",-5,"summer","clearing","N-E",7,"CI",0.74,0,NA,NA,NA,NA,NA,NA,NA,NA,NA,"CI",1.57,0,NA,NA,NA,NA,NA,NA
"319","45","2",0,"summer","clearing","N-E",7,"CI",0.85,0,NA,NA,NA,NA,NA,NA,NA,NA,NA,"CI",0,NA,NA,NA,NA,NA,NA,NA
"320","45","2",5,"summer","clearing","N-E",7,"CI",0.85,0,NA,NA,NA,NA,NA,NA,NA,NA,NA,"CI",1.11,0,NA,NA,NA,NA,NA,NA
"321","45","2",10,"summer","clearing","N-E",7,"CI",0.59,0,NA,NA,NA,NA,NA,NA,NA,NA,NA,"CI",0.37,0,NA,NA,NA,NA,NA,NA
"322","45","2",15,"summer","clearing","N-E",7,"CI",0.63,0,NA,NA,NA,NA,NA,NA,NA,NA,NA,"CI",0.51,0,NA,NA,NA,NA,NA,NA
"323","45","2",20,"summer","clearing","N-E",7,"CI",0.64,0,NA,NA,NA,NA,NA,NA,NA,NA,NA,"CI",0.47,0,NA,NA,NA,NA,NA,NA
"324","45","2",30,"summer","clearing","N-E",7,"CI",0,NA,NA,NA,NA,NA,NA,NA,NA,NA,NA,"CI",0.42,0,NA,NA,NA,NA,NA,NA
"325","45","2",40,"summer","clearing","N-E",7,"CI",0.23,0,NA,NA,NA,NA,NA,NA,NA,NA,NA,"CI",0,NA,NA,NA,NA,NA,NA,NA
"326","45","2",56,"summer","clearing","N-E",7,"CI",0,NA,NA,NA,NA,NA,NA,NA,NA,NA,NA,"CI",0,NA,NA,NA,NA,NA,NA,NA
"327","45","3",-10,"summer","clearing","S-W",7,"CI",2.08,0,NA,NA,NA,NA,NA,NA,NA,NA,NA,"CI",1.21,0,NA,NA,NA,NA,NA,NA
"328","45","3",-5,"summer","clearing","S-W",7,"CI",1.42,0,NA,NA,NA,NA,NA,NA,NA,NA,NA,"CI",1.58,0,NA,NA,NA,NA,NA,NA
"329","45","3",0,"summer","clearing","S-W",7,"CI",0.67,0,NA,NA,NA,NA,NA,NA,NA,NA,NA,"CI",2.22,0,NA,NA,NA,NA,NA,NA
"330","45","3",5,"summer","clearing","S-W",7,"CI",0.74,0,NA,NA,NA,NA,NA,NA,NA,NA,NA,"CI",2.59,0,NA,NA,NA,NA,NA,NA
"331","45","3",10,"summer","clearing","S-W",7,"CI",0.71,0,NA,NA,NA,NA,NA,NA,NA,NA,NA,"CI",2.18,0,NA,NA,NA,NA,NA,NA
"332","45","3",15,"summer","clearing","S-W",7,"CI",0.52,0,NA,NA,NA,NA,NA,NA,NA,NA,NA,"CI",0.84,0,NA,NA,NA,NA,NA,NA
"333","45","3",20,"summer","clearing","S-W",7,"CI",0,NA,NA,NA,NA,NA,NA,NA,NA,NA,NA,"CI",1.02,0,NA,NA,NA,NA,NA,NA
"334","45","3",30,"summer","clearing","S-W",7,"CI",0.04,0,NA,NA,NA,NA,NA,NA,NA,NA,NA,"CI",0.46,0,NA,NA,NA,NA,NA,NA
"335","45","3",40,"summer","clearing","S-W",7,"CI",0.18,0,NA,NA,NA,NA,NA,NA,NA,NA,NA,"CI",0.79,0,NA,NA,NA,NA,NA,NA
"336","45","3",56,"summer","clearing","S-W",7,"CI",0,NA,NA,NA,NA,NA,NA,NA,NA,NA,NA,"CI",0,NA,NA,NA,NA,NA,NA,NA
"337","45","a",-10,"summer","clearing","N-E",7,"CI",1.16,0,NA,NA,NA,NA,NA,NA,NA,NA,NA,"CI",2.5,0,NA,NA,NA,NA,NA,NA
"338","45","a",-5,"summer","clearing","N-E",7,"CI",1.41,0,NA,NA,NA,NA,NA,NA,NA,NA,NA,"CI",4.22,0,NA,NA,NA,NA,NA,NA
"339","45","a",0,"summer","clearing","N-E",7,"CI",1.52,0,NA,NA,NA,NA,NA,NA,NA,NA,NA,"CI",2.03,0,NA,NA,NA,NA,NA,NA
"340","45","a",5,"summer","clearing","N-E",7,"CI",0.74,0,NA,NA,NA,NA,NA,NA,NA,NA,NA,"CI",0.46,0,NA,NA,NA,NA,NA,NA
"341","45","a",10,"summer","clearing","N-E",7,"CI",0.71,0,NA,NA,NA,NA,NA,NA,NA,NA,NA,"CI",0,NA,NA,NA,NA,NA,NA,NA
"342","45","a",15,"summer","clearing","N-E",7,"CI",0.78,0,NA,NA,NA,NA,NA,NA,NA,NA,NA,"CI",1.02,0,NA,NA,NA,NA,NA,NA
"343","45","a",20,"summer","clearing","N-E",7,"CI",0.26,0,NA,NA,NA,NA,NA,NA,NA,NA,NA,"CI",0.88,0,NA,NA,NA,NA,NA,NA
"344","45","a",30,"summer","clearing","N-E",7,"CI",0.03,0,NA,NA,NA,NA,NA,NA,NA,NA,NA,"CI",1.11,0,NA,NA,NA,NA,NA,NA
"345","45","a",40,"summer","clearing","N-E",7,"CI",0.34,0,NA,NA,NA,NA,NA,NA,NA,NA,NA,"CI",0,NA,NA,NA,NA,NA,NA,NA
"346","45","a",56,"summer","clearing","N-E",7,"CI",0,NA,NA,NA,NA,NA,NA,NA,NA,NA,NA,"CI",0,NA,NA,NA,NA,NA,NA,NA
"347","45","b",-10,"summer","clearing","S-W",7,"CI",0,NA,NA,NA,NA,NA,NA,NA,NA,NA,NA,"CI",0,NA,NA,NA,NA,NA,NA,NA
"348","45","b",-5,"summer","clearing","S-W",7,"CI",0.19,0,NA,NA,NA,NA,NA,NA,NA,NA,NA,"CI",0.18,0,NA,NA,NA,NA,NA,NA
"349","45","b",0,"summer","clearing","S-W",7,"CI",0.45,0,NA,NA,NA,NA,NA,NA,NA,NA,NA,"CI",0,NA,NA,NA,NA,NA,NA,NA
"350","45","b",5,"summer","clearing","S-W",7,"CI",0.59,0,NA,NA,NA,NA,NA,NA,NA,NA,NA,"CI",0.51,0,NA,NA,NA,NA,NA,NA
"351","45","b",10,"summer","clearing","S-W",7,"CI",0.55,0,NA,NA,NA,NA,NA,NA,NA,NA,NA,"CI",0,NA,NA,NA,NA,NA,NA,NA
"352","45","b",15,"summer","clearing","S-W",7,"CI",0.45,0,NA,NA,NA,NA,NA,NA,NA,NA,NA,"CI",1.72,0,NA,NA,NA,NA,NA,NA
"353","45","b",20,"summer","clearing","S-W",7,"CI",0.33,0,NA,NA,NA,NA,NA,NA,NA,NA,NA,"CI",0.69,0,NA,NA,NA,NA,NA,NA
"354","45","b",30,"summer","clearing","S-W",7,"CI",0.07,0,NA,NA,NA,NA,NA,NA,NA,NA,NA,"CI",0.28,0,NA,NA,NA,NA,NA,NA
"355","45","b",40,"summer","clearing","S-W",7,"CI",0.12,0,NA,NA,NA,NA,NA,NA,NA,NA,NA,"CI",0.19,0,NA,NA,NA,NA,NA,NA
"356","45","b",56,"summer","clearing","S-W",7,"CI",0,NA,NA,NA,NA,NA,NA,NA,NA,NA,NA,"CI",0,NA,NA,NA,NA,NA,NA,NA
"357","45","c",-10,"summer","clearing","N-E",7,"CI",0.27,0,NA,NA,NA,NA,NA,NA,NA,NA,NA,"CI",0.83,0,NA,NA,NA,NA,NA,NA
"358","45","c",-5,"summer","clearing","N-E",7,"CI",0.22,0,NA,NA,NA,NA,NA,NA,NA,NA,NA,"CI",2.31,0,NA,NA,NA,NA,NA,NA
"359","45","c",0,"summer","clearing","N-E",7,"CI",1,0,NA,NA,NA,NA,NA,NA,NA,NA,NA,"CI",1.39,0,NA,NA,NA,NA,NA,NA
"360","45","c",5,"summer","clearing","N-E",7,"CI",0.26,0,NA,NA,NA,NA,NA,NA,NA,NA,NA,"CI",0.92,0,NA,NA,NA,NA,NA,NA
"361","45","c",10,"summer","clearing","N-E",7,"CI",0.3,0,NA,NA,NA,NA,NA,NA,NA,NA,NA,"CI",0.97,0,NA,NA,NA,NA,NA,NA
"362","45","c",15,"summer","clearing","N-E",7,"CI",0.63,0,NA,NA,NA,NA,NA,NA,NA,NA,NA,"CI",1.11,0,NA,NA,NA,NA,NA,NA
"363","45","c",20,"summer","clearing","N-E",7,"CI",0.14,0,NA,NA,NA,NA,NA,NA,NA,NA,NA,"CI",1.07,0,NA,NA,NA,NA,NA,NA
"364","45","c",30,"summer","clearing","N-E",7,"CI",0.08,0,NA,NA,NA,NA,NA,NA,NA,NA,NA,"CI",0.46,0,NA,NA,NA,NA,NA,NA
"365","45","c",40,"summer","clearing","N-E",7,"CI",0.19,0,NA,NA,NA,NA,NA,NA,NA,NA,NA,"CI",0.56,0,NA,NA,NA,NA,NA,NA
"366","45","c",56,"summer","clearing","N-E",7,"CI",0,NA,NA,NA,NA,NA,NA,NA,NA,NA,NA,"CI",0,NA,NA,NA,NA,NA,NA,NA
"367","47","1",-5,"wet","savanna","NE",NA,NA,NA,NA,NA,NA,NA,NA,NA,NA,NA,NA,NA,NA,NA,NA,NA,NA,NA,NA,NA,NA
"368","47","1",-2,"wet","savanna","NE",NA,NA,NA,NA,NA,NA,NA,NA,NA,NA,NA,NA,NA,NA,NA,NA,NA,NA,NA,NA,NA,NA
"369","47","1",0,"wet","savanna","NE",NA,NA,NA,NA,NA,NA,NA,NA,NA,NA,NA,NA,NA,NA,NA,NA,NA,NA,NA,NA,NA,NA
"370","47","1",2,"wet","savanna","NE",NA,NA,NA,NA,NA,NA,NA,NA,NA,NA,NA,NA,NA,NA,NA,NA,NA,NA,NA,NA,NA,NA
"371","47","1",5,"wet","savanna","NE",NA,NA,NA,NA,NA,NA,NA,NA,NA,NA,NA,NA,NA,NA,NA,NA,NA,NA,NA,NA,NA,NA
"372","47","1",10,"wet","savanna","NE",NA,NA,NA,NA,NA,NA,NA,NA,NA,NA,NA,NA,NA,NA,NA,NA,NA,NA,NA,NA,NA,NA
"373","47","1",15,"wet","savanna","NE",NA,NA,NA,NA,NA,NA,NA,NA,NA,NA,NA,NA,NA,NA,NA,NA,NA,NA,NA,NA,NA,NA
"374","47","1",25,"wet","savanna","NE",NA,NA,NA,NA,NA,NA,NA,NA,NA,NA,NA,NA,NA,NA,NA,NA,NA,NA,NA,NA,NA,NA
"375","47","1",40,"wet","savanna","NE",NA,NA,NA,NA,NA,NA,NA,NA,NA,NA,NA,NA,NA,NA,NA,NA,NA,NA,NA,NA,NA,NA
"376","47","1",60,"wet","savanna","NE",NA,NA,NA,NA,NA,NA,NA,NA,NA,NA,NA,NA,NA,NA,NA,NA,NA,NA,NA,NA,NA,NA
"377","47","1",80,"wet","savanna","NE",NA,NA,NA,NA,NA,NA,NA,NA,NA,NA,NA,NA,NA,NA,NA,NA,NA,NA,NA,NA,NA,NA
"378","47","2",-5,"wet","savanna","NE",NA,NA,NA,NA,NA,NA,NA,NA,NA,NA,NA,NA,NA,NA,NA,NA,NA,NA,NA,NA,NA,NA
"379","47","2",-2,"wet","savanna","NE",NA,NA,NA,NA,NA,NA,NA,NA,NA,NA,NA,NA,NA,NA,NA,NA,NA,NA,NA,NA,NA,NA
"380","47","2",0,"wet","savanna","NE",NA,NA,NA,NA,NA,NA,NA,NA,NA,NA,NA,NA,NA,NA,NA,NA,NA,NA,NA,NA,NA,NA
"381","47","2",2,"wet","savanna","NE",NA,NA,NA,NA,NA,NA,NA,NA,NA,NA,NA,NA,NA,NA,NA,NA,NA,NA,NA,NA,NA,NA
"382","47","2",5,"wet","savanna","NE",NA,NA,NA,NA,NA,NA,NA,NA,NA,NA,NA,NA,NA,NA,NA,NA,NA,NA,NA,NA,NA,NA
"383","47","2",10,"wet","savanna","NE",NA,NA,NA,NA,NA,NA,NA,NA,NA,NA,NA,NA,NA,NA,NA,NA,NA,NA,NA,NA,NA,NA
"384","47","2",15,"wet","savanna","NE",NA,NA,NA,NA,NA,NA,NA,NA,NA,NA,NA,NA,NA,NA,NA,NA,NA,NA,NA,NA,NA,NA
"385","47","2",25,"wet","savanna","NE",NA,NA,NA,NA,NA,NA,NA,NA,NA,NA,NA,NA,NA,NA,NA,NA,NA,NA,NA,NA,NA,NA
"386","47","2",40,"wet","savanna","NE",NA,NA,NA,NA,NA,NA,NA,NA,NA,NA,NA,NA,NA,NA,NA,NA,NA,NA,NA,NA,NA,NA
"387","47","2",60,"wet","savanna","NE",NA,NA,NA,NA,NA,NA,NA,NA,NA,NA,NA,NA,NA,NA,NA,NA,NA,NA,NA,NA,NA,NA
"388","47","2",80,"wet","savanna","NE",NA,NA,NA,NA,NA,NA,NA,NA,NA,NA,NA,NA,NA,NA,NA,NA,NA,NA,NA,NA,NA,NA
"389","47","3",-5,"wet","savanna","NE",NA,NA,NA,NA,NA,NA,NA,NA,NA,NA,NA,NA,NA,NA,NA,NA,NA,NA,NA,NA,NA,NA
"390","47","3",-2,"wet","savanna","NE",NA,NA,NA,NA,NA,NA,NA,NA,NA,NA,NA,NA,NA,NA,NA,NA,NA,NA,NA,NA,NA,NA
"391","47","3",0,"wet","savanna","NE",NA,NA,NA,NA,NA,NA,NA,NA,NA,NA,NA,NA,NA,NA,NA,NA,NA,NA,NA,NA,NA,NA
"392","47","3",2,"wet","savanna","NE",NA,NA,NA,NA,NA,NA,NA,NA,NA,NA,NA,NA,NA,NA,NA,NA,NA,NA,NA,NA,NA,NA
"393","47","3",5,"wet","savanna","NE",NA,NA,NA,NA,NA,NA,NA,NA,NA,NA,NA,NA,NA,NA,NA,NA,NA,NA,NA,NA,NA,NA
"394","47","3",10,"wet","savanna","NE",NA,NA,NA,NA,NA,NA,NA,NA,NA,NA,NA,NA,NA,NA,NA,NA,NA,NA,NA,NA,NA,NA
"395","47","3",15,"wet","savanna","NE",NA,NA,NA,NA,NA,NA,NA,NA,NA,NA,NA,NA,NA,NA,NA,NA,NA,NA,NA,NA,NA,NA
"396","47","3",25,"wet","savanna","NE",NA,NA,NA,NA,NA,NA,NA,NA,NA,NA,NA,NA,NA,NA,NA,NA,NA,NA,NA,NA,NA,NA
"397","47","3",40,"wet","savanna","NE",NA,NA,NA,NA,NA,NA,NA,NA,NA,NA,NA,NA,NA,NA,NA,NA,NA,NA,NA,NA,NA,NA
"398","47","3",80,"wet","savanna","NE",NA,NA,NA,NA,NA,NA,NA,NA,NA,NA,NA,NA,NA,NA,NA,NA,NA,NA,NA,NA,NA,NA
"399","47","a",-5,"dry","savanna","NE",NA,NA,NA,NA,NA,NA,NA,NA,NA,NA,NA,NA,NA,NA,NA,NA,NA,NA,NA,NA,NA,NA
"400","47","a",-2,"dry","savanna","NE",NA,NA,NA,NA,NA,NA,NA,NA,NA,NA,NA,NA,NA,NA,NA,NA,NA,NA,NA,NA,NA,NA
"401","47","a",0,"dry","savanna","NE",NA,NA,NA,NA,NA,NA,NA,NA,NA,NA,NA,NA,NA,NA,NA,NA,NA,NA,NA,NA,NA,NA
"402","47","a",2,"dry","savanna","NE",NA,NA,NA,NA,NA,NA,NA,NA,NA,NA,NA,NA,NA,NA,NA,NA,NA,NA,NA,NA,NA,NA
"403","47","a",5,"dry","savanna","NE",NA,NA,NA,NA,NA,NA,NA,NA,NA,NA,NA,NA,NA,NA,NA,NA,NA,NA,NA,NA,NA,NA
"404","47","a",10,"dry","savanna","NE",NA,NA,NA,NA,NA,NA,NA,NA,NA,NA,NA,NA,NA,NA,NA,NA,NA,NA,NA,NA,NA,NA
"405","47","a",15,"dry","savanna","NE",NA,NA,NA,NA,NA,NA,NA,NA,NA,NA,NA,NA,NA,NA,NA,NA,NA,NA,NA,NA,NA,NA
"406","47","a",25,"dry","savanna","NE",NA,NA,NA,NA,NA,NA,NA,NA,NA,NA,NA,NA,NA,NA,NA,NA,NA,NA,NA,NA,NA,NA
"407","47","a",40,"dry","savanna","NE",NA,NA,NA,NA,NA,NA,NA,NA,NA,NA,NA,NA,NA,NA,NA,NA,NA,NA,NA,NA,NA,NA
"408","47","a",60,"dry","savanna","NE",NA,NA,NA,NA,NA,NA,NA,NA,NA,NA,NA,NA,NA,NA,NA,NA,NA,NA,NA,NA,NA,NA
"409","47","a",80,"dry","savanna","NE",NA,NA,NA,NA,NA,NA,NA,NA,NA,NA,NA,NA,NA,NA,NA,NA,NA,NA,NA,NA,NA,NA
"410","47","b",-5,"dry","savanna","NE",NA,NA,NA,NA,NA,NA,NA,NA,NA,NA,NA,NA,NA,NA,NA,NA,NA,NA,NA,NA,NA,NA
"411","47","b",-2,"dry","savanna","NE",NA,NA,NA,NA,NA,NA,NA,NA,NA,NA,NA,NA,NA,NA,NA,NA,NA,NA,NA,NA,NA,NA
"412","47","b",0,"dry","savanna","NE",NA,NA,NA,NA,NA,NA,NA,NA,NA,NA,NA,NA,NA,NA,NA,NA,NA,NA,NA,NA,NA,NA
"413","47","b",2,"dry","savanna","NE",NA,NA,NA,NA,NA,NA,NA,NA,NA,NA,NA,NA,NA,NA,NA,NA,NA,NA,NA,NA,NA,NA
"414","47","b",5,"dry","savanna","NE",NA,NA,NA,NA,NA,NA,NA,NA,NA,NA,NA,NA,NA,NA,NA,NA,NA,NA,NA,NA,NA,NA
"415","47","b",10,"dry","savanna","NE",NA,NA,NA,NA,NA,NA,NA,NA,NA,NA,NA,NA,NA,NA,NA,NA,NA,NA,NA,NA,NA,NA
"416","47","b",15,"dry","savanna","NE",NA,NA,NA,NA,NA,NA,NA,NA,NA,NA,NA,NA,NA,NA,NA,NA,NA,NA,NA,NA,NA,NA
"417","47","b",25,"dry","savanna","NE",NA,NA,NA,NA,NA,NA,NA,NA,NA,NA,NA,NA,NA,NA,NA,NA,NA,NA,NA,NA,NA,NA
"418","47","b",40,"dry","savanna","NE",NA,NA,NA,NA,NA,NA,NA,NA,NA,NA,NA,NA,NA,NA,NA,NA,NA,NA,NA,NA,NA,NA
"419","47","b",60,"dry","savanna","NE",NA,NA,NA,NA,NA,NA,NA,NA,NA,NA,NA,NA,NA,NA,NA,NA,NA,NA,NA,NA,NA,NA
"420","47","b",80,"dry","savanna","NE",NA,NA,NA,NA,NA,NA,NA,NA,NA,NA,NA,NA,NA,NA,NA,NA,NA,NA,NA,NA,NA,NA
"421","47","c",-5,"dry","savanna","NE",NA,NA,NA,NA,NA,NA,NA,NA,NA,NA,NA,NA,NA,NA,NA,NA,NA,NA,NA,NA,NA,NA
"422","47","c",-2,"dry","savanna","NE",NA,NA,NA,NA,NA,NA,NA,NA,NA,NA,NA,NA,NA,NA,NA,NA,NA,NA,NA,NA,NA,NA
"423","47","c",0,"dry","savanna","NE",NA,NA,NA,NA,NA,NA,NA,NA,NA,NA,NA,NA,NA,NA,NA,NA,NA,NA,NA,NA,NA,NA
"424","47","c",2,"dry","savanna","NE",NA,NA,NA,NA,NA,NA,NA,NA,NA,NA,NA,NA,NA,NA,NA,NA,NA,NA,NA,NA,NA,NA
"425","47","c",5,"dry","savanna","NE",NA,NA,NA,NA,NA,NA,NA,NA,NA,NA,NA,NA,NA,NA,NA,NA,NA,NA,NA,NA,NA,NA
"426","47","c",10,"dry","savanna","NE",NA,NA,NA,NA,NA,NA,NA,NA,NA,NA,NA,NA,NA,NA,NA,NA,NA,NA,NA,NA,NA,NA
"427","47","c",15,"dry","savanna","NE",NA,NA,NA,NA,NA,NA,NA,NA,NA,NA,NA,NA,NA,NA,NA,NA,NA,NA,NA,NA,NA,NA
"428","47","c",25,"dry","savanna","NE",NA,NA,NA,NA,NA,NA,NA,NA,NA,NA,NA,NA,NA,NA,NA,NA,NA,NA,NA,NA,NA,NA
"429","47","c",40,"dry","savanna","NE",NA,NA,NA,NA,NA,NA,NA,NA,NA,NA,NA,NA,NA,NA,NA,NA,NA,NA,NA,NA,NA,NA
"430","47","c",80,"dry","savanna","NE",NA,NA,NA,NA,NA,NA,NA,NA,NA,NA,NA,NA,NA,NA,NA,NA,NA,NA,NA,NA,NA,NA
"431","50",NA,0,NA,"grassland",NA,NA,"SE",0.22,-56,NA,NA,NA,"SE",1.29,115,"SE",1.93,-20,"SE",0.37,48,NA,NA,NA,NA,NA,NA
"432","50",NA,15,NA,"grassland",NA,NA,"SE",0.16,-68,NA,NA,NA,"SE",0.95,58,"SE",2.17,-10,"SE",0.23,-8,NA,NA,NA,NA,NA,NA
"433","50",NA,30,NA,"grassland",NA,NA,"SE",0.29,-42,NA,NA,NA,"SE",0.95,58,"SE",1.93,-20,"SE",0.23,-8,NA,NA,NA,NA,NA,NA
"434","50",NA,45,NA,"grassland",NA,NA,"SE",0.5,0,NA,NA,NA,"SE",0.6,0,"SE",2.41,0,"SE",0.25,0,NA,NA,NA,NA,NA,NA
"435","53","a",-10,NA,NA,NA,NA,NA,NA,NA,NA,NA,NA,"CI",4.5,10,NA,NA,NA,NA,NA,NA,NA,NA,NA,NA,NA,NA
"436","53","a",0,NA,"eucalyptus.farm","NE",NA,"CI",2.25,12,NA,NA,NA,"CI",4.4,7,NA,NA,NA,NA,NA,NA,NA,NA,NA,NA,NA,NA
"437","53","a",10,NA,"eucalyptus.farm","NE",NA,"CI",2.2,10,NA,NA,NA,"CI",4.3,5,NA,NA,NA,NA,NA,NA,NA,NA,NA,NA,NA,NA
"438","53","a",20,NA,"eucalyptus.farm","NE",NA,"CI",2.05,2,NA,NA,NA,"CI",4.2,2,NA,NA,NA,NA,NA,NA,NA,NA,NA,NA,NA,NA
"439","53","a",30,NA,"eucalyptus.farm","NE",NA,"CI",2,0,NA,NA,NA,"CI",4.1,0,NA,NA,NA,NA,NA,NA,NA,NA,NA,NA,NA,NA
"440","53","b",-10,NA,NA,NA,NA,NA,NA,NA,NA,NA,NA,"CI",4.2,6,NA,NA,NA,NA,NA,NA,NA,NA,NA,NA,NA,NA
"441","53","b",0,NA,"eucalyptus.farm","NE",NA,"CI",2.1,14,NA,NA,NA,"CI",4.3,9,NA,NA,NA,NA,NA,NA,NA,NA,NA,NA,NA,NA
"442","53","b",10,NA,"eucalyptus.farm","NE",NA,"CI",2,8,NA,NA,NA,"CI",4.15,5,NA,NA,NA,NA,NA,NA,NA,NA,NA,NA,NA,NA
"443","53","b",20,NA,"eucalyptus.farm","NE",NA,"CI",1.95,5,NA,NA,NA,"CI",4,1,NA,NA,NA,NA,NA,NA,NA,NA,NA,NA,NA,NA
"444","53","b",30,NA,"eucalyptus.farm","NE",NA,"CI",1.85,0,NA,NA,NA,"CI",3.95,0,NA,NA,NA,NA,NA,NA,NA,NA,NA,NA,NA,NA
"445","55","1",0,"wet","powerline",NA,15,"SE",1.27,0,"SE",3.65,99,NA,NA,NA,"SE",3.06,-10,NA,NA,NA,"SE",0.3,0,NA,NA,NA
"446","55","1",2,"wet","powerline",NA,15,"SE",0.95,0,"SE",3.21,75,NA,NA,NA,"SE",3.4,0,NA,NA,NA,"SE",0.16,0,NA,NA,NA
"447","55","1",4,"wet","powerline",NA,15,"SE",0.87,0,"SE",7.12,289,NA,NA,NA,"SE",3.4,0,NA,NA,NA,"SE",0.21,0,NA,NA,NA
"448","55","1",8,"wet","powerline",NA,15,"SE",0.64,0,"SE",3.81,108,NA,NA,NA,"SE",2.04,-40,NA,NA,NA,"SE",0.21,0,NA,NA,NA
"449","55","1",12,"wet","powerline",NA,15,"SE",0.6,0,"SE",0.27,-85,NA,NA,NA,"SE",4.76,40,NA,NA,NA,"SE",0.19,0,NA,NA,NA
"450","55","1",16,"wet","powerline",NA,15,"SE",0.58,0,"SE",0.95,-48,NA,NA,NA,"SE",3.06,-10,NA,NA,NA,"SE",0.22,0,NA,NA,NA
"451","55","1",20,"wet","powerline",NA,15,"SE",0.42,0,"SE",0.5,-73,NA,NA,NA,"SE",3.74,10,NA,NA,NA,"SE",0.24,0,NA,NA,NA
"452","55","1",25,"wet","powerline",NA,15,"SE",0.71,0,"SE",3.72,103,NA,NA,NA,"SE",1.36,-60,NA,NA,NA,"SE",0.3,0,NA,NA,NA
"453","55","1",30,"wet","powerline",NA,15,"SE",0.51,0,"SE",2.64,44,NA,NA,NA,"SE",1.36,-60,NA,NA,NA,"SE",0.25,0,NA,NA,NA
"454","55","1",50,"wet","powerline",NA,15,"SE",0.22,0,"SE",4.19,129,NA,NA,NA,"SE",3.06,-10,NA,NA,NA,"SE",0.15,0,NA,NA,NA
"455","55","1",100,"wet","powerline",NA,15,"SE",0,NA,"SE",1.83,0,NA,NA,NA,"SE",3.4,0,NA,NA,NA,"SE",0,NA,NA,NA,NA
"456","55","2",0,"dry","highway",NA,15,"SE",0.67,0,"SE",7.42,438,NA,NA,NA,"SE",3.54,-59,NA,NA,NA,"SE",0.11,0,NA,NA,NA
"457","55","2",2,"dry","highway",NA,15,"SE",0.51,0,"SE",10.68,674,NA,NA,NA,"SE",4.25,-51,NA,NA,NA,"SE",0.18,0,NA,NA,NA
"458","55","2",4,"dry","highway",NA,15,"SE",0.53,0,"SE",4.05,193,NA,NA,NA,"SE",4.72,-46,NA,NA,NA,"SE",0.15,0,NA,NA,NA
"459","55","2",8,"dry","highway",NA,15,"SE",0.75,0,"SE",0.78,-43,NA,NA,NA,"SE",4.72,-46,NA,NA,NA,"SE",0.17,0,NA,NA,NA
"460","55","2",12,"dry","highway",NA,15,"SE",0.62,0,"SE",2.64,91,NA,NA,NA,"SE",5.19,-41,NA,NA,NA,"SE",0.14,0,NA,NA,NA
"461","55","2",16,"dry","highway",NA,15,"SE",0.53,0,"SE",1.35,-2,NA,NA,NA,"SE",4.72,-46,NA,NA,NA,"SE",0.11,0,NA,NA,NA
"462","55","2",20,"dry","highway",NA,15,"SE",0.36,0,"SE",1.8,30,NA,NA,NA,"SE",5.43,-38,NA,NA,NA,"SE",0.11,0,NA,NA,NA
"463","55","2",25,"dry","highway",NA,15,"SE",0.47,0,"SE",1.57,14,NA,NA,NA,"SE",4.01,-54,NA,NA,NA,"SE",0.11,0,NA,NA,NA
"464","55","2",30,"dry","highway",NA,15,"SE",0.42,0,"SE",0.97,-30,NA,NA,NA,"SE",6.84,-22,NA,NA,NA,"SE",0.1,0,NA,NA,NA
"465","55","2",50,"dry","highway",NA,15,"SE",0.22,0,"SE",0.9,-35,NA,NA,NA,"SE",4.72,-46,NA,NA,NA,"SE",0.05,0,NA,NA,NA
"466","55","2",100,"dry","highway",NA,15,"SE",0,NA,"SE",1.38,0,NA,NA,NA,"SE",8.73,0,NA,NA,NA,"SE",0,NA,NA,NA,NA
"467","55","a",0,"dry","powerline",NA,15,"SE",0.38,0,"SE",51.45,2157,NA,NA,NA,"SE",2.38,-46,NA,NA,NA,"SE",0.08,0,NA,NA,NA
"468","55","a",2,"dry","powerline",NA,15,"SE",0.24,0,"SE",1.41,-38,NA,NA,NA,"SE",2.72,-38,NA,NA,NA,"SE",0.02,0,NA,NA,NA
"469","55","a",4,"dry","powerline",NA,15,"SE",0.4,0,"SE",7.85,244,NA,NA,NA,"SE",0.68,-85,NA,NA,NA,"SE",0.09,0,NA,NA,NA
"470","55","a",8,"dry","powerline",NA,15,"SE",0.4,0,"SE",1.31,-43,NA,NA,NA,"SE",3.4,-23,NA,NA,NA,"SE",0.09,0,NA,NA,NA
"471","55","a",12,"dry","powerline",NA,15,"SE",0.42,0,"SE",1.31,-43,NA,NA,NA,"SE",12.23,177,NA,NA,NA,"SE",0.07,0,NA,NA,NA
"472","55","a",16,"dry","powerline",NA,15,"SE",0.44,0,"SE",1,-56,NA,NA,NA,"SE",2.38,-46,NA,NA,NA,"SE",0.12,0,NA,NA,NA
"473","55","a",20,"dry","powerline",NA,15,"SE",0.47,0,"SE",0.64,-72,NA,NA,NA,"SE",1.7,-62,NA,NA,NA,"SE",0.11,0,NA,NA,NA
"474","55","a",25,"dry","powerline",NA,15,"SE",0.33,0,"SE",0.6,-74,NA,NA,NA,"SE",11.21,154,NA,NA,NA,"SE",0.08,0,NA,NA,NA
"475","55","a",30,"dry","powerline",NA,15,"SE",0.49,0,"SE",1.15,-50,NA,NA,NA,"SE",1.02,-77,NA,NA,NA,"SE",0.09,0,NA,NA,NA
"476","55","a",50,"dry","powerline",NA,15,"SE",0.36,0,"SE",2.85,25,NA,NA,NA,"SE",14.95,238,NA,NA,NA,"SE",0.06,0,NA,NA,NA
"477","55","a",100,"dry","powerline",NA,15,"SE",0,NA,"SE",2.28,0,NA,NA,NA,"SE",4.42,0,NA,NA,NA,"SE",0,NA,NA,NA,NA
"478","55","b",0,"wet","highway",NA,15,"SE",0.71,0,"SE",43.3,520,NA,NA,NA,"SE",4.25,-63,NA,NA,NA,"SE",0.09,0,NA,NA,NA
"479","55","b",2,"wet","highway",NA,15,"SE",0.73,0,"SE",2.1,-70,NA,NA,NA,"SE",7.31,-37,NA,NA,NA,"SE",0.15,0,NA,NA,NA
"480","55","b",4,"wet","highway",NA,15,"SE",0.6,0,"SE",1.94,-72,NA,NA,NA,"SE",8.02,-31,NA,NA,NA,"SE",0.1,0,NA,NA,NA
"481","55","b",8,"wet","highway",NA,15,"SE",0.42,0,"SE",3.1,-56,NA,NA,NA,"SE",7.08,-39,NA,NA,NA,"SE",0.09,0,NA,NA,NA
"482","55","b",12,"wet","highway",NA,15,"SE",0.4,0,"SE",1.83,-74,NA,NA,NA,"SE",8.26,-29,NA,NA,NA,"SE",0.11,0,NA,NA,NA
"483","55","b",16,"wet","highway",NA,15,"SE",0.31,0,"SE",1.17,-83,NA,NA,NA,"SE",8.26,-29,NA,NA,NA,"SE",0.07,0,NA,NA,NA
"484","55","b",20,"wet","highway",NA,15,"SE",0.24,0,"SE",1.41,-80,NA,NA,NA,"SE",10.14,-12,NA,NA,NA,"SE",0.06,0,NA,NA,NA
"485","55","b",25,"wet","highway",NA,15,"SE",0.36,0,"SE",1.67,-76,NA,NA,NA,"SE",9.44,-18,NA,NA,NA,"SE",0.05,0,NA,NA,NA
"486","55","b",30,"wet","highway",NA,15,"SE",0.24,0,"SE",1.34,-81,NA,NA,NA,"SE",5.9,-49,NA,NA,NA,"SE",0.05,0,NA,NA,NA
"487","55","b",50,"wet","highway",NA,15,"SE",0.11,0,"SE",3.4,-51,NA,NA,NA,"SE",2.83,-76,NA,NA,NA,"SE",0.02,0,NA,NA,NA
"488","55","b",100,"wet","highway",NA,15,"SE",0,NA,"SE",6.98,0,NA,NA,NA,"SE",11.56,0,NA,NA,NA,"SE",0,NA,NA,NA,NA
"489","58",NA,-10,NA,"pasture",NA,NA,"SD",0.57,-75,NA,NA,NA,NA,NA,NA,"SD",2.59,-39,NA,NA,NA,NA,NA,NA,NA,NA,NA
"490","58",NA,0,NA,"pasture",NA,NA,"SD",4.32,89,NA,NA,NA,NA,NA,NA,"SD",5.72,35,NA,NA,NA,NA,NA,NA,NA,NA,NA
"491","58",NA,50,NA,"pasture",NA,NA,"SD",2.28,0,NA,NA,NA,NA,NA,NA,"SD",4.25,0,NA,NA,NA,NA,NA,NA,NA,NA,NA
"492","60","a",-10,NA,"field","E",1,"SE",0.63,21,NA,NA,NA,"SE",2.18,12,"SE",1.21,7,"SE",0.78,117,NA,NA,NA,NA,NA,NA
"493","60","a",0,NA,"field","E",1,"SE",0.47,-10,NA,NA,NA,"SE",1.7,-12,"SE",1.28,13,"SE",0.52,44,NA,NA,NA,NA,NA,NA
"494","60","a",30,NA,"field","E",1,"SE",0.52,0,NA,NA,NA,"SE",1.94,0,"SE",1.13,0,"SE",0.36,0,NA,NA,NA,NA,NA,NA
"495","60","b",-10,NA,"stand","S",10,"SE",0.62,9,NA,NA,NA,"SE",2.66,9,"SE",1.14,-16,"SE",0.37,-21,NA,NA,NA,NA,NA,NA
"496","60","b",0,NA,"stand","S",10,"SE",0.48,-16,NA,NA,NA,"SE",2.66,9,"SE",1.43,5,"SE",0.31,-34,NA,NA,NA,NA,NA,NA
"497","60","b",30,NA,"stand","S",10,"SE",0.57,0,NA,NA,NA,"SE",2.43,0,"SE",1.36,0,"SE",0.47,0,NA,NA,NA,NA,NA,NA
"498","62",NA,0,NA,"sugarcane.field",NA,NA,NA,NA,NA,NA,NA,NA,NA,NA,NA,NA,NA,NA,NA,NA,NA,NA,NA,NA,NA,NA,NA
"499","62",NA,40,NA,"sugarcane.field",NA,NA,NA,NA,NA,NA,NA,NA,NA,NA,NA,NA,NA,NA,NA,NA,NA,NA,NA,NA,NA,NA,NA
"500","63",NA,0,"wet","clearing",NA,0,NA,NA,NA,NA,NA,NA,NA,NA,NA,NA,NA,NA,NA,NA,NA,NA,NA,NA,NA,NA,NA
"501","63",NA,5,"wet","clearing",NA,0,NA,NA,NA,NA,NA,NA,NA,NA,NA,NA,NA,NA,NA,NA,NA,NA,NA,NA,NA,NA,NA
"502","63",NA,10,"wet","clearing",NA,0,NA,NA,NA,NA,NA,NA,NA,NA,NA,NA,NA,NA,NA,NA,NA,NA,NA,NA,NA,NA,NA
"503","63",NA,25,"wet","clearing",NA,0,NA,NA,NA,NA,NA,NA,NA,NA,NA,NA,NA,NA,NA,NA,NA,NA,NA,NA,NA,NA,NA
"504","63",NA,50,"wet","clearing",NA,0,NA,NA,NA,NA,NA,NA,NA,NA,NA,NA,NA,NA,NA,NA,NA,NA,NA,NA,NA,NA,NA
"505","63",NA,100,"wet","clearing",NA,0,NA,NA,NA,NA,NA,NA,NA,NA,NA,NA,NA,NA,NA,NA,NA,NA,NA,NA,NA,NA,NA
"506","63",NA,250,"wet","clearing",NA,0,NA,NA,NA,NA,NA,NA,NA,NA,NA,NA,NA,NA,NA,NA,NA,NA,NA,NA,NA,NA,NA
"507","66","a",-10,NA,"prairie",NA,NA,"SD",0.1,0,NA,NA,NA,"SD",0.3,0,NA,NA,NA,NA,NA,NA,NA,NA,NA,NA,NA,NA
"508","66","a",0,NA,"prairie",NA,NA,"SD",0.1,0,NA,NA,NA,"SD",0.3,0,NA,NA,NA,NA,NA,NA,NA,NA,NA,NA,NA,NA
"509","66","a",23,NA,"prairie",NA,NA,"SD",0.1,0,NA,NA,NA,"SD",0.2,-33,NA,NA,NA,NA,NA,NA,NA,NA,NA,NA,NA,NA
"510","66","a",45,NA,"prairie",NA,NA,"SD",0.1,0,NA,NA,NA,"SD",0.3,0,NA,NA,NA,NA,NA,NA,NA,NA,NA,NA,NA,NA
"511","66","b",-10,NA,"prairie",NA,NA,"SD",0.1,0,NA,NA,NA,"SD",0.3,50,NA,NA,NA,NA,NA,NA,NA,NA,NA,NA,NA,NA
"512","66","b",0,NA,"prairie",NA,NA,"SD",0.1,0,NA,NA,NA,"SD",0.3,50,NA,NA,NA,NA,NA,NA,NA,NA,NA,NA,NA,NA
"513","66","b",22,NA,"prairie",NA,NA,"SD",0.1,0,NA,NA,NA,"SD",0.3,50,NA,NA,NA,NA,NA,NA,NA,NA,NA,NA,NA,NA
"514","66","b",45,NA,"prairie",NA,NA,"SD",0.1,0,NA,NA,NA,"SD",0.2,0,NA,NA,NA,NA,NA,NA,NA,NA,NA,NA,NA,NA
"515","66","c",-10,NA,"prairie",NA,NA,"SD",0.1,0,NA,NA,NA,"SD",0.3,50,NA,NA,NA,NA,NA,NA,NA,NA,NA,NA,NA,NA
"516","66","c",0,NA,"prairie",NA,NA,"SD",0.1,0,NA,NA,NA,"SD",0.3,50,NA,NA,NA,NA,NA,NA,NA,NA,NA,NA,NA,NA
"517","66","c",23,NA,"prairie",NA,NA,"SD",0.1,0,NA,NA,NA,"SD",0.3,50,NA,NA,NA,NA,NA,NA,NA,NA,NA,NA,NA,NA
"518","66","c",45,NA,"prairie",NA,NA,"SD",0.1,0,NA,NA,NA,"SD",0.2,0,NA,NA,NA,NA,NA,NA,NA,NA,NA,NA,NA,NA
"519","66","d",-10,NA,"prairie",NA,NA,"SD",0.1,0,NA,NA,NA,"SD",0.4,33,NA,NA,NA,NA,NA,NA,NA,NA,NA,NA,NA,NA
"520","66","d",0,NA,"prairie",NA,NA,"SD",0.1,0,NA,NA,NA,"SD",0.3,0,NA,NA,NA,NA,NA,NA,NA,NA,NA,NA,NA,NA
"521","66","d",32,NA,"prairie",NA,NA,"SD",0.1,0,NA,NA,NA,"SD",0.3,0,NA,NA,NA,NA,NA,NA,NA,NA,NA,NA,NA,NA
"522","66","d",64,NA,"prairie",NA,NA,"SD",0.1,0,NA,NA,NA,"SD",0.3,0,NA,NA,NA,NA,NA,NA,NA,NA,NA,NA,NA,NA
"523","66","e",-10,NA,"prairie",NA,NA,"SD",0.1,0,NA,NA,NA,"SD",0.3,0,NA,NA,NA,NA,NA,NA,NA,NA,NA,NA,NA,NA
"524","66","e",0,NA,"prairie",NA,NA,"SD",0.1,0,NA,NA,NA,"SD",0.3,0,NA,NA,NA,NA,NA,NA,NA,NA,NA,NA,NA,NA
"525","66","e",44,NA,"prairie",NA,NA,"SD",0.1,0,NA,NA,NA,"SD",0.3,0,NA,NA,NA,NA,NA,NA,NA,NA,NA,NA,NA,NA
"526","66","e",88,NA,"prairie",NA,NA,"SD",0.1,0,NA,NA,NA,"SD",0.3,0,NA,NA,NA,NA,NA,NA,NA,NA,NA,NA,NA,NA
"527","66","f",-10,NA,"prairie",NA,NA,"SD",0.1,0,NA,NA,NA,"SD",0.3,0,NA,NA,NA,NA,NA,NA,NA,NA,NA,NA,NA,NA
"528","66","f",0,NA,"prairie",NA,NA,"SD",0.1,0,NA,NA,NA,"SD",0.3,0,NA,NA,NA,NA,NA,NA,NA,NA,NA,NA,NA,NA
"529","66","f",31,NA,"prairie",NA,NA,"SD",0.1,0,NA,NA,NA,"SD",0.3,0,NA,NA,NA,NA,NA,NA,NA,NA,NA,NA,NA,NA
"530","66","f",61,NA,"prairie",NA,NA,"SD",0.1,0,NA,NA,NA,"SD",0.3,0,NA,NA,NA,NA,NA,NA,NA,NA,NA,NA,NA,NA
"531","66","g",-10,NA,"prairie",NA,NA,"SD",0.1,0,NA,NA,NA,"SD",0.3,0,NA,NA,NA,NA,NA,NA,NA,NA,NA,NA,NA,NA
"532","66","g",0,NA,"prairie",NA,NA,"SD",0.1,0,NA,NA,NA,"SD",0.3,0,NA,NA,NA,NA,NA,NA,NA,NA,NA,NA,NA,NA
"533","66","g",26,NA,"prairie",NA,NA,"SD",0.1,0,NA,NA,NA,"SD",0.2,-33,NA,NA,NA,NA,NA,NA,NA,NA,NA,NA,NA,NA
"534","66","g",51,NA,"prairie",NA,NA,"SD",0.1,0,NA,NA,NA,"SD",0.3,0,NA,NA,NA,NA,NA,NA,NA,NA,NA,NA,NA,NA
"535","66","h",-10,NA,"prairie",NA,NA,"SD",0.1,0,NA,NA,NA,"SD",0.3,0,NA,NA,NA,NA,NA,NA,NA,NA,NA,NA,NA,NA
"536","66","h",0,NA,"prairie",NA,NA,"SD",0.1,0,NA,NA,NA,"SD",0.3,0,NA,NA,NA,NA,NA,NA,NA,NA,NA,NA,NA,NA
"537","66","h",32,NA,"prairie",NA,NA,"SD",0.1,0,NA,NA,NA,"SD",0.3,0,NA,NA,NA,NA,NA,NA,NA,NA,NA,NA,NA,NA
"538","66","h",64,NA,"prairie",NA,NA,"SD",0.1,0,NA,NA,NA,"SD",0.3,0,NA,NA,NA,NA,NA,NA,NA,NA,NA,NA,NA,NA
"539","66","i",-10,NA,"prairie",NA,NA,"SD",0.1,0,NA,NA,NA,"SD",0.3,50,NA,NA,NA,NA,NA,NA,NA,NA,NA,NA,NA,NA
"540","66","i",0,NA,"prairie",NA,NA,"SD",0.1,0,NA,NA,NA,"SD",0.3,50,NA,NA,NA,NA,NA,NA,NA,NA,NA,NA,NA,NA
"541","66","i",36,NA,"prairie",NA,NA,"SD",0.1,0,NA,NA,NA,"SD",0.2,0,NA,NA,NA,NA,NA,NA,NA,NA,NA,NA,NA,NA
"542","66","i",71,NA,"prairie",NA,NA,"SD",0.1,0,NA,NA,NA,"SD",0.2,0,NA,NA,NA,NA,NA,NA,NA,NA,NA,NA,NA,NA
"543","66","j",-10,NA,"prairie",NA,NA,"SD",0.1,0,NA,NA,NA,"SD",0.3,0,NA,NA,NA,NA,NA,NA,NA,NA,NA,NA,NA,NA
"544","66","j",0,NA,"prairie",NA,NA,"SD",0.1,0,NA,NA,NA,"SD",0.3,0,NA,NA,NA,NA,NA,NA,NA,NA,NA,NA,NA,NA
"545","66","j",22,NA,"prairie",NA,NA,"SD",0.1,0,NA,NA,NA,"SD",0.3,0,NA,NA,NA,NA,NA,NA,NA,NA,NA,NA,NA,NA
"546","66","j",43,NA,"prairie",NA,NA,"SD",0.1,0,NA,NA,NA,"SD",0.3,0,NA,NA,NA,NA,NA,NA,NA,NA,NA,NA,NA,NA
"547","66","k",-10,NA,"prairie",NA,NA,"SD",0.1,0,NA,NA,NA,"SD",0.3,0,NA,NA,NA,NA,NA,NA,NA,NA,NA,NA,NA,NA
"548","66","k",0,NA,"prairie",NA,NA,"SD",0.1,0,NA,NA,NA,"SD",0.3,0,NA,NA,NA,NA,NA,NA,NA,NA,NA,NA,NA,NA
"549","66","k",34,NA,"prairie",NA,NA,"SD",0.1,0,NA,NA,NA,"SD",0.2,-33,NA,NA,NA,NA,NA,NA,NA,NA,NA,NA,NA,NA
"550","66","k",67,NA,"prairie",NA,NA,"SD",0.1,0,NA,NA,NA,"SD",0.3,0,NA,NA,NA,NA,NA,NA,NA,NA,NA,NA,NA,NA
"551","66","l",-10,NA,"prairie",NA,NA,"SD",0.1,0,NA,NA,NA,"SD",0.3,0,NA,NA,NA,NA,NA,NA,NA,NA,NA,NA,NA,NA
"552","66","l",0,NA,"prairie",NA,NA,"SD",0.1,0,NA,NA,NA,"SD",0.3,0,NA,NA,NA,NA,NA,NA,NA,NA,NA,NA,NA,NA
"553","66","l",20,NA,"prairie",NA,NA,"SD",0.1,0,NA,NA,NA,"SD",0.2,-33,NA,NA,NA,NA,NA,NA,NA,NA,NA,NA,NA,NA
"554","66","l",40,NA,"prairie",NA,NA,"SD",0.1,0,NA,NA,NA,"SD",0.3,0,NA,NA,NA,NA,NA,NA,NA,NA,NA,NA,NA,NA
"555","68","1",-10,"dry","pasture",NA,4,"SE",0.24,-61,NA,NA,NA,"SE",1.14,119,NA,NA,NA,NA,NA,NA,NA,NA,NA,NA,NA,NA
"556","68","1",-5,"dry","pasture",NA,4,"SE",0.48,-21,NA,NA,NA,"SE",2.17,317,NA,NA,NA,NA,NA,NA,NA,NA,NA,NA,NA,NA
"557","68","1",0,"dry","pasture",NA,4,"SE",0.44,-28,NA,NA,NA,"SE",0.41,-21,NA,NA,NA,NA,NA,NA,NA,NA,NA,NA,NA,NA
"558","68","1",5,"dry","pasture",NA,4,"SE",0.38,-38,NA,NA,NA,"SE",2.07,298,NA,NA,NA,NA,NA,NA,NA,NA,NA,NA,NA,NA
"559","68","1",10,"dry","pasture",NA,4,"SE",0.41,-33,NA,NA,NA,"SE",2.59,398,NA,NA,NA,NA,NA,NA,NA,NA,NA,NA,NA,NA
"560","68","1",15,"dry","pasture",NA,4,"SE",0.48,-21,NA,NA,NA,"SE",1.66,219,NA,NA,NA,NA,NA,NA,NA,NA,NA,NA,NA,NA
"561","68","1",20,"dry","pasture",NA,4,"SE",0.48,-21,NA,NA,NA,"SE",0.52,0,NA,NA,NA,NA,NA,NA,NA,NA,NA,NA,NA,NA
"562","68","1",25,"dry","pasture",NA,4,"SE",0.48,-21,NA,NA,NA,"SE",0.83,60,NA,NA,NA,NA,NA,NA,NA,NA,NA,NA,NA,NA
"563","68","1",30,"dry","pasture",NA,4,"SE",0.31,-49,NA,NA,NA,"SE",0.93,79,NA,NA,NA,NA,NA,NA,NA,NA,NA,NA,NA,NA
"564","68","1",35,"dry","pasture",NA,4,"SE",0.61,0,NA,NA,NA,"SE",0,-100,NA,NA,NA,NA,NA,NA,NA,NA,NA,NA,NA,NA
"565","68","1",40,"dry","pasture",NA,4,"SE",0.48,-21,NA,NA,NA,"SE",0,-100,NA,NA,NA,NA,NA,NA,NA,NA,NA,NA,NA,NA
"566","68","1",45,"dry","pasture",NA,4,"SE",0.61,0,NA,NA,NA,"SE",0,-100,NA,NA,NA,NA,NA,NA,NA,NA,NA,NA,NA,NA
"567","68","1",50,"dry","pasture",NA,4,"SE",0.61,0,NA,NA,NA,"SE",0.52,0,NA,NA,NA,NA,NA,NA,NA,NA,NA,NA,NA,NA
"568","68","2",-10,"dry","pasture",NA,15,"SE",0.31,121,NA,NA,NA,"SE",1.67,142,NA,NA,NA,NA,NA,NA,NA,NA,NA,NA,NA,NA
"569","68","2",-5,"dry","pasture",NA,15,"SE",0.58,314,NA,NA,NA,"SE",2.55,270,NA,NA,NA,NA,NA,NA,NA,NA,NA,NA,NA,NA
"570","68","2",0,"dry","pasture",NA,15,"SE",0.95,579,NA,NA,NA,"SE",2.06,199,NA,NA,NA,NA,NA,NA,NA,NA,NA,NA,NA,NA
"571","68","2",5,"dry","pasture",NA,15,"SE",1.19,750,NA,NA,NA,"SE",2.65,284,NA,NA,NA,NA,NA,NA,NA,NA,NA,NA,NA,NA
"572","68","2",10,"dry","pasture",NA,15,"SE",0.82,486,NA,NA,NA,"SE",1.76,155,NA,NA,NA,NA,NA,NA,NA,NA,NA,NA,NA,NA
"573","68","2",15,"dry","pasture",NA,15,"SE",0.72,414,NA,NA,NA,"SE",1.76,155,NA,NA,NA,NA,NA,NA,NA,NA,NA,NA,NA,NA
"574","68","2",20,"dry","pasture",NA,15,"SE",0.61,336,NA,NA,NA,"SE",0.69,0,NA,NA,NA,NA,NA,NA,NA,NA,NA,NA,NA,NA
"575","68","2",25,"dry","pasture",NA,15,"SE",0.61,336,NA,NA,NA,"SE",1.37,99,NA,NA,NA,NA,NA,NA,NA,NA,NA,NA,NA,NA
"576","68","2",30,"dry","pasture",NA,15,"SE",0.48,243,NA,NA,NA,"SE",1.08,57,NA,NA,NA,NA,NA,NA,NA,NA,NA,NA,NA,NA
"577","68","2",35,"dry","pasture",NA,15,"SE",0.27,93,NA,NA,NA,"SE",1.47,113,NA,NA,NA,NA,NA,NA,NA,NA,NA,NA,NA,NA
"578","68","2",40,"dry","pasture",NA,15,"SE",0.17,21,NA,NA,NA,"SE",0,-100,NA,NA,NA,NA,NA,NA,NA,NA,NA,NA,NA,NA
"579","68","2",45,"dry","pasture",NA,15,"SE",0.17,21,NA,NA,NA,"SE",0.59,-14,NA,NA,NA,NA,NA,NA,NA,NA,NA,NA,NA,NA
"580","68","2",50,"dry","pasture",NA,15,"SE",0.14,0,NA,NA,NA,"SE",0.69,0,NA,NA,NA,NA,NA,NA,NA,NA,NA,NA,NA,NA
"581","68","a",-10,NA,NA,NA,NA,NA,NA,NA,NA,NA,NA,NA,NA,NA,NA,NA,NA,"SE",0.65,150,NA,NA,NA,NA,NA,NA
"582","68","a",-5,NA,NA,NA,NA,NA,NA,NA,NA,NA,NA,NA,NA,NA,NA,NA,NA,"SE",0.39,50,NA,NA,NA,NA,NA,NA
"583","68","a",0,NA,NA,NA,NA,NA,NA,NA,NA,NA,NA,NA,NA,NA,NA,NA,NA,"SE",0.22,-15,NA,NA,NA,NA,NA,NA
"584","68","a",5,NA,NA,NA,NA,NA,NA,NA,NA,NA,NA,NA,NA,NA,NA,NA,NA,"SE",0.22,-15,NA,NA,NA,NA,NA,NA
"585","68","a",10,NA,NA,NA,NA,NA,NA,NA,NA,NA,NA,NA,NA,NA,NA,NA,NA,"SE",0.43,65,NA,NA,NA,NA,NA,NA
"586","68","a",15,NA,NA,NA,NA,NA,NA,NA,NA,NA,NA,NA,NA,NA,NA,NA,NA,"SE",0.13,-50,NA,NA,NA,NA,NA,NA
"587","68","a",20,NA,NA,NA,NA,NA,NA,NA,NA,NA,NA,NA,NA,NA,NA,NA,NA,"SE",0.26,0,NA,NA,NA,NA,NA,NA
"588","68","a",25,NA,NA,NA,NA,NA,NA,NA,NA,NA,NA,NA,NA,NA,NA,NA,NA,"SE",0.17,-35,NA,NA,NA,NA,NA,NA
"589","68","a",30,NA,NA,NA,NA,NA,NA,NA,NA,NA,NA,NA,NA,NA,NA,NA,NA,"SE",0.26,0,NA,NA,NA,NA,NA,NA
"590","68","a",35,NA,NA,NA,NA,NA,NA,NA,NA,NA,NA,NA,NA,NA,NA,NA,NA,"SE",0.3,15,NA,NA,NA,NA,NA,NA
"591","68","a",40,NA,NA,NA,NA,NA,NA,NA,NA,NA,NA,NA,NA,NA,NA,NA,NA,"SE",0.3,15,NA,NA,NA,NA,NA,NA
"592","68","a",45,NA,NA,NA,NA,NA,NA,NA,NA,NA,NA,NA,NA,NA,NA,NA,NA,"SE",0.3,15,NA,NA,NA,NA,NA,NA
"593","68","a",50,NA,NA,NA,NA,NA,NA,NA,NA,NA,NA,NA,NA,NA,NA,NA,NA,"SE",0.26,0,NA,NA,NA,NA,NA,NA
"594","68","b",-10,NA,NA,NA,NA,NA,NA,NA,NA,NA,NA,NA,NA,NA,NA,NA,NA,"SE",1.73,918,NA,NA,NA,NA,NA,NA
"595","68","b",-5,NA,NA,NA,NA,NA,NA,NA,NA,NA,NA,NA,NA,NA,NA,NA,NA,"SE",1.51,788,NA,NA,NA,NA,NA,NA
"596","68","b",0,NA,NA,NA,NA,NA,NA,NA,NA,NA,NA,NA,NA,NA,NA,NA,NA,"SE",0.52,206,NA,NA,NA,NA,NA,NA
"597","68","b",5,NA,NA,NA,NA,NA,NA,NA,NA,NA,NA,NA,NA,NA,NA,NA,NA,"SE",0.43,153,NA,NA,NA,NA,NA,NA
"598","68","b",10,NA,NA,NA,NA,NA,NA,NA,NA,NA,NA,NA,NA,NA,NA,NA,NA,"SE",0.35,106,NA,NA,NA,NA,NA,NA
"599","68","b",15,NA,NA,NA,NA,NA,NA,NA,NA,NA,NA,NA,NA,NA,NA,NA,NA,"SE",0.35,106,NA,NA,NA,NA,NA,NA
"600","68","b",20,NA,NA,NA,NA,NA,NA,NA,NA,NA,NA,NA,NA,NA,NA,NA,NA,"SE",0.48,182,NA,NA,NA,NA,NA,NA
"601","68","b",25,NA,NA,NA,NA,NA,NA,NA,NA,NA,NA,NA,NA,NA,NA,NA,NA,"SE",0.17,0,NA,NA,NA,NA,NA,NA
"602","68","b",30,NA,NA,NA,NA,NA,NA,NA,NA,NA,NA,NA,NA,NA,NA,NA,NA,"SE",0,-100,NA,NA,NA,NA,NA,NA
"603","68","b",35,NA,NA,NA,NA,NA,NA,NA,NA,NA,NA,NA,NA,NA,NA,NA,NA,"SE",0,-100,NA,NA,NA,NA,NA,NA
"604","68","b",40,NA,NA,NA,NA,NA,NA,NA,NA,NA,NA,NA,NA,NA,NA,NA,NA,"SE",0.22,29,NA,NA,NA,NA,NA,NA
"605","68","b",45,NA,NA,NA,NA,NA,NA,NA,NA,NA,NA,NA,NA,NA,NA,NA,NA,"SE",0.09,-47,NA,NA,NA,NA,NA,NA
"606","68","b",50,NA,NA,NA,NA,NA,NA,NA,NA,NA,NA,NA,NA,NA,NA,NA,NA,"SE",0.17,0,NA,NA,NA,NA,NA,NA
"607","68",NA,0,NA,NA,NA,NA,NA,NA,NA,NA,NA,NA,NA,NA,NA,NA,NA,NA,NA,NA,NA,NA,NA,NA,NA,NA,NA
"608","68",NA,50,NA,NA,NA,NA,NA,NA,NA,NA,NA,NA,NA,NA,NA,NA,NA,NA,NA,NA,NA,NA,NA,NA,NA,NA,NA
"609","69","1",10,"winter","plantation","N",9,"SE",0,-100,"SE",167.02,-47,NA,NA,NA,NA,NA,NA,NA,NA,NA,"SE",27.61,-21,NA,NA,NA
"610","69","1",10,"winter","pasture","N",9,"SE",0,-100,"SE",167.02,-47,NA,NA,NA,NA,NA,NA,NA,NA,NA,"SE",27.61,-21,NA,NA,NA
"611","69","1",20,"winter","pasture","N",9,"SE",0.02,-93,"SE",283.93,-11,NA,NA,NA,NA,NA,NA,NA,NA,NA,"SE",2.51,-93,NA,NA,NA
"612","69","1",30,"winter","pasture","N",9,"SE",0.08,-70,"SE",233.82,-26,NA,NA,NA,NA,NA,NA,NA,NA,NA,"SE",2.51,-93,NA,NA,NA
"613","69","1",40,"winter","pasture","N",9,"SE",0.02,-93,"SE",108.56,-66,NA,NA,NA,NA,NA,NA,NA,NA,NA,"SE",40.17,14,NA,NA,NA
"614","69","1",50,"winter","pasture","N",9,"SE",0.15,-44,"SE",267.22,-16,NA,NA,NA,NA,NA,NA,NA,NA,NA,"SE",37.66,7,NA,NA,NA
"615","69","1",75,"winter","pasture","N",9,"SE",0.18,-33,"SE",250.53,-21,NA,NA,NA,NA,NA,NA,NA,NA,NA,"SE",47.7,36,NA,NA,NA
"616","69","1",100,"winter","pasture","N",9,"SE",0.26,-4,"SE",317.33,0,NA,NA,NA,NA,NA,NA,NA,NA,NA,"SE",32.64,-7,NA,NA,NA
"617","69","1",150,"winter","pasture","N",9,"SE",0.27,0,"SE",317.33,0,NA,NA,NA,NA,NA,NA,NA,NA,NA,"SE",35.14,0,NA,NA,NA
"618","69","2",10,NA,NA,NA,NA,NA,NA,NA,"SE",83.51,-80,NA,NA,NA,NA,NA,NA,NA,NA,NA,"SE",30.13,-25,NA,NA,NA
"619","69","2",20,"winter","plantation","N",9,"SE",0.13,-57,"SE",141.96,-67,NA,NA,NA,NA,NA,NA,NA,NA,NA,"SE",2.51,-94,NA,NA,NA
"620","69","2",30,"winter","plantation","N",9,"SE",0,-100,"SE",158.67,-63,NA,NA,NA,NA,NA,NA,NA,NA,NA,"SE",0,-100,NA,NA,NA
"621","69","2",40,"winter","plantation","N",9,"SE",0.26,-13,"SE",125.26,-71,NA,NA,NA,NA,NA,NA,NA,NA,NA,"SE",0,-100,NA,NA,NA
"622","69","2",50,"winter","plantation","N",9,"SE",0.26,-13,"SE",208.77,-51,NA,NA,NA,NA,NA,NA,NA,NA,NA,"SE",20.08,-50,NA,NA,NA
"623","69","2",75,"winter","plantation","N",9,"SE",0.27,-10,"SE",250.52,-41,NA,NA,NA,NA,NA,NA,NA,NA,NA,"SE",25.11,-37,NA,NA,NA
"624","69","2",100,"winter","plantation","N",9,"SE",0.15,-50,"SE",200.42,-53,NA,NA,NA,NA,NA,NA,NA,NA,NA,"SE",27.62,-31,NA,NA,NA
"625","69","2",150,"winter","plantation","N",9,"SE",0.3,0,"SE",425.89,0,NA,NA,NA,NA,NA,NA,NA,NA,NA,"SE",40.16,0,NA,NA,NA
"626","69","3",10,"summer","pasture","N",9,"SE",0.23,21,"SE",75.16,-57,NA,NA,NA,NA,NA,NA,NA,NA,NA,"SE",27.61,-45,NA,NA,NA
"627","69","3",20,"summer","pasture","N",9,"SE",0.27,42,"SE",442.59,152,NA,NA,NA,NA,NA,NA,NA,NA,NA,"SE",57.74,15,NA,NA,NA
"628","69","3",30,"summer","pasture","N",9,"SE",0.2,5,"SE",492.69,181,NA,NA,NA,NA,NA,NA,NA,NA,NA,"SE",5.02,-90,NA,NA,NA
"629","69","3",40,"summer","pasture","N",9,"SE",0,-100,"SE",492.69,181,NA,NA,NA,NA,NA,NA,NA,NA,NA,"SE",32.63,-35,NA,NA,NA
"630","69","3",50,"summer","pasture","N",9,"SE",0.36,89,"SE",125.26,-29,NA,NA,NA,NA,NA,NA,NA,NA,NA,"SE",45.18,-10,NA,NA,NA
"631","69","3",75,"summer","pasture","N",9,"SE",0.46,142,"SE",100.21,-43,NA,NA,NA,NA,NA,NA,NA,NA,NA,"SE",77.83,55,NA,NA,NA
"632","69","3",100,"summer","pasture","N",9,"SE",0.15,-21,"SE",267.22,52,NA,NA,NA,NA,NA,NA,NA,NA,NA,"SE",27.61,-45,NA,NA,NA
"633","69","3",150,"summer","pasture","N",9,"SE",0.19,0,"SE",175.37,0,NA,NA,NA,NA,NA,NA,NA,NA,NA,"SE",50.21,0,NA,NA,NA
"634","69","4",10,"summer","plantation","N",9,"SE",0.13,-7,"SE",425.89,16,NA,NA,NA,NA,NA,NA,NA,NA,NA,"SE",40.17,-27,NA,NA,NA
"635","69","4",20,"summer","plantation","N",9,"SE",0.29,107,"SE",526.1,43,NA,NA,NA,NA,NA,NA,NA,NA,NA,"SE",82.84,50,NA,NA,NA
"636","69","4",30,"summer","plantation","N",9,"SE",0,-100,"SE",384.14,5,NA,NA,NA,NA,NA,NA,NA,NA,NA,"SE",47.7,-14,NA,NA,NA
"637","69","4",40,"summer","plantation","N",9,"SE",0.12,-14,"SE",217.11,-41,NA,NA,NA,NA,NA,NA,NA,NA,NA,"SE",15.06,-73,NA,NA,NA
"638","69","4",50,"summer","plantation","N",9,"SE",0.26,86,"SE",242.17,-34,NA,NA,NA,NA,NA,NA,NA,NA,NA,"SE",77.82,41,NA,NA,NA
"639","69","4",75,"summer","plantation","N",9,"SE",0.33,136,"SE",308.98,-16,NA,NA,NA,NA,NA,NA,NA,NA,NA,"SE",100.42,82,NA,NA,NA
"640","69","4",100,"summer","plantation","N",9,"SE",0.02,-86,"SE",275.57,-25,NA,NA,NA,NA,NA,NA,NA,NA,NA,"SE",55.23,0,NA,NA,NA
"641","69","4",150,"summer","plantation","N",9,"SE",0.14,0,"SE",367.43,0,NA,NA,NA,NA,NA,NA,NA,NA,NA,"SE",55.23,0,NA,NA,NA
"642","71","1",-10,"summer","pasture","N",NA,NA,NA,NA,NA,NA,NA,NA,NA,NA,NA,NA,NA,NA,NA,NA,NA,NA,NA,NA,NA,NA
"643","71","1",0,"summer","pasture","N",NA,NA,NA,NA,NA,NA,NA,NA,NA,NA,NA,NA,NA,NA,NA,NA,NA,NA,NA,NA,NA,NA
"644","71","1",10,"summer","pasture","N",NA,NA,NA,NA,NA,NA,NA,NA,NA,NA,NA,NA,NA,NA,NA,NA,NA,NA,NA,NA,NA,NA
"645","71","1",20,"summer","pasture","N",NA,NA,NA,NA,NA,NA,NA,NA,NA,NA,NA,NA,NA,NA,NA,NA,NA,NA,NA,NA,NA,NA
"646","71","1",30,"summer","pasture","N",NA,NA,NA,NA,NA,NA,NA,NA,NA,NA,NA,NA,NA,NA,NA,NA,NA,NA,NA,NA,NA,NA
"647","71","1",40,"summer","pasture","N",NA,NA,NA,NA,NA,NA,NA,NA,NA,NA,NA,NA,NA,NA,NA,NA,NA,NA,NA,NA,NA,NA
"648","71","1",50,"summer","pasture","N",NA,NA,NA,NA,NA,NA,NA,NA,NA,NA,NA,NA,NA,NA,NA,NA,NA,NA,NA,NA,NA,NA
"649","71","1",100,"summer","pasture","N",NA,NA,NA,NA,NA,NA,NA,NA,NA,NA,NA,NA,NA,NA,NA,NA,NA,NA,NA,NA,NA,NA
"650","71","1",150,"summer","pasture","N",NA,NA,NA,NA,NA,NA,NA,NA,NA,NA,NA,NA,NA,NA,NA,NA,NA,NA,NA,NA,NA,NA
"651","71","1",200,"summer","pasture","N",NA,NA,NA,NA,NA,NA,NA,NA,NA,NA,NA,NA,NA,NA,NA,NA,NA,NA,NA,NA,NA,NA
"652","71","1",225,"summer","pasture","N",NA,NA,NA,NA,NA,NA,NA,NA,NA,NA,NA,NA,NA,NA,NA,NA,NA,NA,NA,NA,NA,NA
"653","71","1",226,NA,NA,NA,NA,NA,NA,NA,NA,NA,NA,NA,NA,NA,NA,NA,NA,NA,NA,NA,NA,NA,NA,NA,NA,NA
"654","71","10",-10,"winter","pasture","N",NA,NA,NA,NA,NA,NA,NA,NA,NA,NA,NA,NA,NA,NA,NA,NA,NA,NA,NA,NA,NA,NA
"655","71","10",0,"winter","pasture","N",NA,NA,NA,NA,NA,NA,NA,NA,NA,NA,NA,NA,NA,NA,NA,NA,NA,NA,NA,NA,NA,NA
"656","71","10",10,"winter","pasture","N",NA,NA,NA,NA,NA,NA,NA,NA,NA,NA,NA,NA,NA,NA,NA,NA,NA,NA,NA,NA,NA,NA
"657","71","10",20,"winter","pasture","N",NA,NA,NA,NA,NA,NA,NA,NA,NA,NA,NA,NA,NA,NA,NA,NA,NA,NA,NA,NA,NA,NA
"658","71","10",30,"winter","pasture","N",NA,NA,NA,NA,NA,NA,NA,NA,NA,NA,NA,NA,NA,NA,NA,NA,NA,NA,NA,NA,NA,NA
"659","71","10",40,"winter","pasture","N",NA,NA,NA,NA,NA,NA,NA,NA,NA,NA,NA,NA,NA,NA,NA,NA,NA,NA,NA,NA,NA,NA
"660","71","10",50,"winter","pasture","N",NA,NA,NA,NA,NA,NA,NA,NA,NA,NA,NA,NA,NA,NA,NA,NA,NA,NA,NA,NA,NA,NA
"661","71","10",75,"winter","pasture","N",NA,NA,NA,NA,NA,NA,NA,NA,NA,NA,NA,NA,NA,NA,NA,NA,NA,NA,NA,NA,NA,NA
"662","71","11",-10,"winter","pasture","N",NA,NA,NA,NA,NA,NA,NA,NA,NA,NA,NA,NA,NA,NA,NA,NA,NA,NA,NA,NA,NA,NA
"663","71","11",0,"winter","pasture","N",NA,NA,NA,NA,NA,NA,NA,NA,NA,NA,NA,NA,NA,NA,NA,NA,NA,NA,NA,NA,NA,NA
"664","71","11",10,"winter","pasture","N",NA,NA,NA,NA,NA,NA,NA,NA,NA,NA,NA,NA,NA,NA,NA,NA,NA,NA,NA,NA,NA,NA
"665","71","11",20,"winter","pasture","N",NA,NA,NA,NA,NA,NA,NA,NA,NA,NA,NA,NA,NA,NA,NA,NA,NA,NA,NA,NA,NA,NA
"666","71","11",30,"winter","pasture","N",NA,NA,NA,NA,NA,NA,NA,NA,NA,NA,NA,NA,NA,NA,NA,NA,NA,NA,NA,NA,NA,NA
"667","71","11",40,"winter","pasture","N",NA,NA,NA,NA,NA,NA,NA,NA,NA,NA,NA,NA,NA,NA,NA,NA,NA,NA,NA,NA,NA,NA
"668","71","11",50,"winter","pasture","N",NA,NA,NA,NA,NA,NA,NA,NA,NA,NA,NA,NA,NA,NA,NA,NA,NA,NA,NA,NA,NA,NA
"669","71","2",-10,"summer","pasture","N",NA,NA,NA,NA,NA,NA,NA,NA,NA,NA,NA,NA,NA,NA,NA,NA,NA,NA,NA,NA,NA,NA
"670","71","2",0,"summer","pasture","N",NA,NA,NA,NA,NA,NA,NA,NA,NA,NA,NA,NA,NA,NA,NA,NA,NA,NA,NA,NA,NA,NA
"671","71","2",10,"summer","pasture","N",NA,NA,NA,NA,NA,NA,NA,NA,NA,NA,NA,NA,NA,NA,NA,NA,NA,NA,NA,NA,NA,NA
"672","71","2",20,NA,NA,NA,NA,NA,NA,NA,NA,NA,NA,NA,NA,NA,NA,NA,NA,NA,NA,NA,NA,NA,NA,NA,NA,NA
"673","71","2",30,"summer","pasture","N",NA,NA,NA,NA,NA,NA,NA,NA,NA,NA,NA,NA,NA,NA,NA,NA,NA,NA,NA,NA,NA,NA
"674","71","2",40,"summer","pasture","N",NA,NA,NA,NA,NA,NA,NA,NA,NA,NA,NA,NA,NA,NA,NA,NA,NA,NA,NA,NA,NA,NA
"675","71","2",50,"summer","pasture","N",NA,NA,NA,NA,NA,NA,NA,NA,NA,NA,NA,NA,NA,NA,NA,NA,NA,NA,NA,NA,NA,NA
"676","71","2",75,"summer","pasture","N",NA,NA,NA,NA,NA,NA,NA,NA,NA,NA,NA,NA,NA,NA,NA,NA,NA,NA,NA,NA,NA,NA
"677","71","2",100,NA,NA,NA,NA,NA,NA,NA,NA,NA,NA,NA,NA,NA,NA,NA,NA,NA,NA,NA,NA,NA,NA,NA,NA,NA
"678","71","2",150,NA,NA,NA,NA,NA,NA,NA,NA,NA,NA,NA,NA,NA,NA,NA,NA,NA,NA,NA,NA,NA,NA,NA,NA,NA
"679","71","2",190,NA,NA,NA,NA,NA,NA,NA,NA,NA,NA,NA,NA,NA,NA,NA,NA,NA,NA,NA,NA,NA,NA,NA,NA,NA
"680","71","3",-10,"summer","pasture","N",NA,NA,NA,NA,NA,NA,NA,NA,NA,NA,NA,NA,NA,NA,NA,NA,NA,NA,NA,NA,NA,NA
"681","71","3",0,"summer","pasture","N",NA,NA,NA,NA,NA,NA,NA,NA,NA,NA,NA,NA,NA,NA,NA,NA,NA,NA,NA,NA,NA,NA
"682","71","3",10,"summer","pasture","N",NA,NA,NA,NA,NA,NA,NA,NA,NA,NA,NA,NA,NA,NA,NA,NA,NA,NA,NA,NA,NA,NA
"683","71","3",20,"summer","pasture","N",NA,NA,NA,NA,NA,NA,NA,NA,NA,NA,NA,NA,NA,NA,NA,NA,NA,NA,NA,NA,NA,NA
"684","71","3",30,"summer","pasture","N",NA,NA,NA,NA,NA,NA,NA,NA,NA,NA,NA,NA,NA,NA,NA,NA,NA,NA,NA,NA,NA,NA
"685","71","3",40,"summer","pasture","N",NA,NA,NA,NA,NA,NA,NA,NA,NA,NA,NA,NA,NA,NA,NA,NA,NA,NA,NA,NA,NA,NA
"686","71","3",50,"summer","pasture","N",NA,NA,NA,NA,NA,NA,NA,NA,NA,NA,NA,NA,NA,NA,NA,NA,NA,NA,NA,NA,NA,NA
"687","71","3",75,"summer","pasture","N",NA,NA,NA,NA,NA,NA,NA,NA,NA,NA,NA,NA,NA,NA,NA,NA,NA,NA,NA,NA,NA,NA
"688","71","4",-10,"winter","pasture","S",NA,NA,NA,NA,NA,NA,NA,NA,NA,NA,NA,NA,NA,NA,NA,NA,NA,NA,NA,NA,NA,NA
"689","71","4",0,"winter","pasture","S",NA,NA,NA,NA,NA,NA,NA,NA,NA,NA,NA,NA,NA,NA,NA,NA,NA,NA,NA,NA,NA,NA
"690","71","4",10,"winter","pasture","S",NA,NA,NA,NA,NA,NA,NA,NA,NA,NA,NA,NA,NA,NA,NA,NA,NA,NA,NA,NA,NA,NA
"691","71","4",20,"winter","pasture","S",NA,NA,NA,NA,NA,NA,NA,NA,NA,NA,NA,NA,NA,NA,NA,NA,NA,NA,NA,NA,NA,NA
"692","71","4",30,"winter","pasture","S",NA,NA,NA,NA,NA,NA,NA,NA,NA,NA,NA,NA,NA,NA,NA,NA,NA,NA,NA,NA,NA,NA
"693","71","4",40,"winter","pasture","S",NA,NA,NA,NA,NA,NA,NA,NA,NA,NA,NA,NA,NA,NA,NA,NA,NA,NA,NA,NA,NA,NA
"694","71","4",50,"winter","pasture","S",NA,NA,NA,NA,NA,NA,NA,NA,NA,NA,NA,NA,NA,NA,NA,NA,NA,NA,NA,NA,NA,NA
"695","71","4",53,NA,NA,NA,NA,NA,NA,NA,NA,NA,NA,NA,NA,NA,NA,NA,NA,NA,NA,NA,NA,NA,NA,NA,NA,NA
"696","71","4",75,NA,NA,NA,NA,NA,NA,NA,NA,NA,NA,NA,NA,NA,NA,NA,NA,NA,NA,NA,NA,NA,NA,NA,NA,NA
"697","71","4",100,"winter","pasture","S",NA,NA,NA,NA,NA,NA,NA,NA,NA,NA,NA,NA,NA,NA,NA,NA,NA,NA,NA,NA,NA,NA
"698","71","4",150,"winter","pasture","S",NA,NA,NA,NA,NA,NA,NA,NA,NA,NA,NA,NA,NA,NA,NA,NA,NA,NA,NA,NA,NA,NA
"699","71","4",190,"winter","pasture","S",NA,NA,NA,NA,NA,NA,NA,NA,NA,NA,NA,NA,NA,NA,NA,NA,NA,NA,NA,NA,NA,NA
"700","71","5",-10,"winter","pasture","S",NA,NA,NA,NA,NA,NA,NA,NA,NA,NA,NA,NA,NA,NA,NA,NA,NA,NA,NA,NA,NA,NA
"701","71","5",0,"winter","pasture","S",NA,NA,NA,NA,NA,NA,NA,NA,NA,NA,NA,NA,NA,NA,NA,NA,NA,NA,NA,NA,NA,NA
"702","71","5",10,"winter","pasture","S",NA,NA,NA,NA,NA,NA,NA,NA,NA,NA,NA,NA,NA,NA,NA,NA,NA,NA,NA,NA,NA,NA
"703","71","5",20,"winter","pasture","S",NA,NA,NA,NA,NA,NA,NA,NA,NA,NA,NA,NA,NA,NA,NA,NA,NA,NA,NA,NA,NA,NA
"704","71","5",30,"winter","pasture","S",NA,NA,NA,NA,NA,NA,NA,NA,NA,NA,NA,NA,NA,NA,NA,NA,NA,NA,NA,NA,NA,NA
"705","71","5",40,"winter","pasture","S",NA,NA,NA,NA,NA,NA,NA,NA,NA,NA,NA,NA,NA,NA,NA,NA,NA,NA,NA,NA,NA,NA
"706","71","5",50,"winter","pasture","S",NA,NA,NA,NA,NA,NA,NA,NA,NA,NA,NA,NA,NA,NA,NA,NA,NA,NA,NA,NA,NA,NA
"707","71","5",75,"winter","pasture","S",NA,NA,NA,NA,NA,NA,NA,NA,NA,NA,NA,NA,NA,NA,NA,NA,NA,NA,NA,NA,NA,NA
"708","71","5",100,NA,NA,NA,NA,NA,NA,NA,NA,NA,NA,NA,NA,NA,NA,NA,NA,NA,NA,NA,NA,NA,NA,NA,NA,NA
"709","71","5",150,NA,NA,NA,NA,NA,NA,NA,NA,NA,NA,NA,NA,NA,NA,NA,NA,NA,NA,NA,NA,NA,NA,NA,NA,NA
"710","71","5",190,NA,NA,NA,NA,NA,NA,NA,NA,NA,NA,NA,NA,NA,NA,NA,NA,NA,NA,NA,NA,NA,NA,NA,NA,NA
"711","71","5",200,NA,NA,NA,NA,NA,NA,NA,NA,NA,NA,NA,NA,NA,NA,NA,NA,NA,NA,NA,NA,NA,NA,NA,NA,NA
"712","71","5",225,NA,NA,NA,NA,NA,NA,NA,NA,NA,NA,NA,NA,NA,NA,NA,NA,NA,NA,NA,NA,NA,NA,NA,NA,NA
"713","71","6",-10,"winter","pasture","N",NA,NA,NA,NA,NA,NA,NA,NA,NA,NA,NA,NA,NA,NA,NA,NA,NA,NA,NA,NA,NA,NA
"714","71","6",0,"winter","pasture","N",NA,NA,NA,NA,NA,NA,NA,NA,NA,NA,NA,NA,NA,NA,NA,NA,NA,NA,NA,NA,NA,NA
"715","71","6",10,"winter","pasture","N",NA,NA,NA,NA,NA,NA,NA,NA,NA,NA,NA,NA,NA,NA,NA,NA,NA,NA,NA,NA,NA,NA
"716","71","6",20,"winter","pasture","N",NA,NA,NA,NA,NA,NA,NA,NA,NA,NA,NA,NA,NA,NA,NA,NA,NA,NA,NA,NA,NA,NA
"717","71","6",30,"winter","pasture","N",NA,NA,NA,NA,NA,NA,NA,NA,NA,NA,NA,NA,NA,NA,NA,NA,NA,NA,NA,NA,NA,NA
"718","71","6",40,"winter","pasture","N",NA,NA,NA,NA,NA,NA,NA,NA,NA,NA,NA,NA,NA,NA,NA,NA,NA,NA,NA,NA,NA,NA
"719","71","6",50,"winter","pasture","N",NA,NA,NA,NA,NA,NA,NA,NA,NA,NA,NA,NA,NA,NA,NA,NA,NA,NA,NA,NA,NA,NA
"720","71","6",75,NA,NA,NA,NA,NA,NA,NA,NA,NA,NA,NA,NA,NA,NA,NA,NA,NA,NA,NA,NA,NA,NA,NA,NA,NA
"721","71","6",100,"winter","pasture","N",NA,NA,NA,NA,NA,NA,NA,NA,NA,NA,NA,NA,NA,NA,NA,NA,NA,NA,NA,NA,NA,NA
"722","71","6",150,"winter","pasture","N",NA,NA,NA,NA,NA,NA,NA,NA,NA,NA,NA,NA,NA,NA,NA,NA,NA,NA,NA,NA,NA,NA
"723","71","6",200,"winter","pasture","N",NA,NA,NA,NA,NA,NA,NA,NA,NA,NA,NA,NA,NA,NA,NA,NA,NA,NA,NA,NA,NA,NA
"724","71","6",225,"winter","pasture","N",NA,NA,NA,NA,NA,NA,NA,NA,NA,NA,NA,NA,NA,NA,NA,NA,NA,NA,NA,NA,NA,NA
"725","71","7",-10,"winter","pasture","N",NA,NA,NA,NA,NA,NA,NA,NA,NA,NA,NA,NA,NA,NA,NA,NA,NA,NA,NA,NA,NA,NA
"726","71","7",0,"winter","pasture","N",NA,NA,NA,NA,NA,NA,NA,NA,NA,NA,NA,NA,NA,NA,NA,NA,NA,NA,NA,NA,NA,NA
"727","71","7",10,"winter","pasture","N",NA,NA,NA,NA,NA,NA,NA,NA,NA,NA,NA,NA,NA,NA,NA,NA,NA,NA,NA,NA,NA,NA
"728","71","7",20,"winter","pasture","N",NA,NA,NA,NA,NA,NA,NA,NA,NA,NA,NA,NA,NA,NA,NA,NA,NA,NA,NA,NA,NA,NA
"729","71","7",30,"winter","pasture","N",NA,NA,NA,NA,NA,NA,NA,NA,NA,NA,NA,NA,NA,NA,NA,NA,NA,NA,NA,NA,NA,NA
"730","71","7",40,"winter","pasture","N",NA,NA,NA,NA,NA,NA,NA,NA,NA,NA,NA,NA,NA,NA,NA,NA,NA,NA,NA,NA,NA,NA
"731","71","7",50,"winter","pasture","N",NA,NA,NA,NA,NA,NA,NA,NA,NA,NA,NA,NA,NA,NA,NA,NA,NA,NA,NA,NA,NA,NA
"732","71","7",75,NA,NA,NA,NA,NA,NA,NA,NA,NA,NA,NA,NA,NA,NA,NA,NA,NA,NA,NA,NA,NA,NA,NA,NA,NA
"733","71","7",100,"winter","pasture","N",NA,NA,NA,NA,NA,NA,NA,NA,NA,NA,NA,NA,NA,NA,NA,NA,NA,NA,NA,NA,NA,NA
"734","71","7",150,"winter","pasture","N",NA,NA,NA,NA,NA,NA,NA,NA,NA,NA,NA,NA,NA,NA,NA,NA,NA,NA,NA,NA,NA,NA
"735","71","7",200,"winter","pasture","N",NA,NA,NA,NA,NA,NA,NA,NA,NA,NA,NA,NA,NA,NA,NA,NA,NA,NA,NA,NA,NA,NA
"736","71","7",225,"winter","pasture","N",NA,NA,NA,NA,NA,NA,NA,NA,NA,NA,NA,NA,NA,NA,NA,NA,NA,NA,NA,NA,NA,NA
"737","71","8",-10,"winter","pasture","N",NA,NA,NA,NA,NA,NA,NA,NA,NA,NA,NA,NA,NA,NA,NA,NA,NA,NA,NA,NA,NA,NA
"738","71","8",0,"winter","pasture","N",NA,NA,NA,NA,NA,NA,NA,NA,NA,NA,NA,NA,NA,NA,NA,NA,NA,NA,NA,NA,NA,NA
"739","71","8",10,"winter","pasture","N",NA,NA,NA,NA,NA,NA,NA,NA,NA,NA,NA,NA,NA,NA,NA,NA,NA,NA,NA,NA,NA,NA
"740","71","8",20,"winter","pasture","N",NA,NA,NA,NA,NA,NA,NA,NA,NA,NA,NA,NA,NA,NA,NA,NA,NA,NA,NA,NA,NA,NA
"741","71","8",30,"winter","pasture","N",NA,NA,NA,NA,NA,NA,NA,NA,NA,NA,NA,NA,NA,NA,NA,NA,NA,NA,NA,NA,NA,NA
"742","71","8",40,"winter","pasture","N",NA,NA,NA,NA,NA,NA,NA,NA,NA,NA,NA,NA,NA,NA,NA,NA,NA,NA,NA,NA,NA,NA
"743","71","8",50,"winter","pasture","N",NA,NA,NA,NA,NA,NA,NA,NA,NA,NA,NA,NA,NA,NA,NA,NA,NA,NA,NA,NA,NA,NA
"744","71","8",100,"winter","pasture","N",NA,NA,NA,NA,NA,NA,NA,NA,NA,NA,NA,NA,NA,NA,NA,NA,NA,NA,NA,NA,NA,NA
"745","71","8",150,"winter","pasture","N",NA,NA,NA,NA,NA,NA,NA,NA,NA,NA,NA,NA,NA,NA,NA,NA,NA,NA,NA,NA,NA,NA
"746","71","8",190,"winter","pasture","N",NA,NA,NA,NA,NA,NA,NA,NA,NA,NA,NA,NA,NA,NA,NA,NA,NA,NA,NA,NA,NA,NA
"747","71","8",200,NA,NA,NA,NA,NA,NA,NA,NA,NA,NA,NA,NA,NA,NA,NA,NA,NA,NA,NA,NA,NA,NA,NA,NA,NA
"748","71","8",225,NA,NA,NA,NA,NA,NA,NA,NA,NA,NA,NA,NA,NA,NA,NA,NA,NA,NA,NA,NA,NA,NA,NA,NA,NA
"749","71","9",-10,"winter","pasture","N",NA,NA,NA,NA,NA,NA,NA,NA,NA,NA,NA,NA,NA,NA,NA,NA,NA,NA,NA,NA,NA,NA
"750","71","9",0,"winter","pasture","N",NA,NA,NA,NA,NA,NA,NA,NA,NA,NA,NA,NA,NA,NA,NA,NA,NA,NA,NA,NA,NA,NA
"751","71","9",10,"winter","pasture","N",NA,NA,NA,NA,NA,NA,NA,NA,NA,NA,NA,NA,NA,NA,NA,NA,NA,NA,NA,NA,NA,NA
"752","71","9",20,"winter","pasture","N",NA,NA,NA,NA,NA,NA,NA,NA,NA,NA,NA,NA,NA,NA,NA,NA,NA,NA,NA,NA,NA,NA
"753","71","9",30,"winter","pasture","N",NA,NA,NA,NA,NA,NA,NA,NA,NA,NA,NA,NA,NA,NA,NA,NA,NA,NA,NA,NA,NA,NA
"754","71","9",40,"winter","pasture","N",NA,NA,NA,NA,NA,NA,NA,NA,NA,NA,NA,NA,NA,NA,NA,NA,NA,NA,NA,NA,NA,NA
"755","71","9",50,"winter","pasture","N",NA,NA,NA,NA,NA,NA,NA,NA,NA,NA,NA,NA,NA,NA,NA,NA,NA,NA,NA,NA,NA,NA
"756","71","9",75,"winter","pasture","N",NA,NA,NA,NA,NA,NA,NA,NA,NA,NA,NA,NA,NA,NA,NA,NA,NA,NA,NA,NA,NA,NA
"757","71","9",100,NA,NA,NA,NA,NA,NA,NA,NA,NA,NA,NA,NA,NA,NA,NA,NA,NA,NA,NA,NA,NA,NA,NA,NA,NA
"758","71","9",150,NA,NA,NA,NA,NA,NA,NA,NA,NA,NA,NA,NA,NA,NA,NA,NA,NA,NA,NA,NA,NA,NA,NA,NA,NA
"759","71","9",190,NA,NA,NA,NA,NA,NA,NA,NA,NA,NA,NA,NA,NA,NA,NA,NA,NA,NA,NA,NA,NA,NA,NA,NA,NA
"760","71","a",-10,"winter","pasture","S",NA,NA,NA,NA,NA,NA,NA,NA,NA,NA,NA,NA,NA,NA,NA,NA,NA,NA,NA,NA,NA,NA
"761","71","a",0,"winter","pasture","S",NA,NA,NA,NA,NA,NA,NA,NA,NA,NA,NA,NA,NA,NA,NA,NA,NA,NA,NA,NA,NA,NA
"762","71","a",10,"winter","pasture","S",NA,NA,NA,NA,NA,NA,NA,NA,NA,NA,NA,NA,NA,NA,NA,NA,NA,NA,NA,NA,NA,NA
"763","71","a",15,NA,NA,NA,NA,NA,NA,NA,NA,NA,NA,NA,NA,NA,NA,NA,NA,NA,NA,NA,NA,NA,NA,NA,NA,NA
"764","71","a",20,"winter","pasture","S",NA,NA,NA,NA,NA,NA,NA,NA,NA,NA,NA,NA,NA,NA,NA,NA,NA,NA,NA,NA,NA,NA
"765","71","a",30,"winter","pasture","S",NA,NA,NA,NA,NA,NA,NA,NA,NA,NA,NA,NA,NA,NA,NA,NA,NA,NA,NA,NA,NA,NA
"766","71","a",40,"winter","pasture","S",NA,NA,NA,NA,NA,NA,NA,NA,NA,NA,NA,NA,NA,NA,NA,NA,NA,NA,NA,NA,NA,NA
"767","71","a",45,NA,NA,NA,NA,NA,NA,NA,NA,NA,NA,NA,NA,NA,NA,NA,NA,NA,NA,NA,NA,NA,NA,NA,NA,NA
"768","71","a",50,"winter","pasture","S",NA,NA,NA,NA,NA,NA,NA,NA,NA,NA,NA,NA,NA,NA,NA,NA,NA,NA,NA,NA,NA,NA
"769","71","a",55,NA,NA,NA,NA,NA,NA,NA,NA,NA,NA,NA,NA,NA,NA,NA,NA,NA,NA,NA,NA,NA,NA,NA,NA,NA
"770","71","b",-10,"summer","pasture","S",NA,NA,NA,NA,NA,NA,NA,NA,NA,NA,NA,NA,NA,NA,NA,NA,NA,NA,NA,NA,NA,NA
"771","71","b",0,"summer","pasture","S",NA,NA,NA,NA,NA,NA,NA,NA,NA,NA,NA,NA,NA,NA,NA,NA,NA,NA,NA,NA,NA,NA
"772","71","b",10,"summer","pasture","S",NA,NA,NA,NA,NA,NA,NA,NA,NA,NA,NA,NA,NA,NA,NA,NA,NA,NA,NA,NA,NA,NA
"773","71","b",20,"summer","pasture","S",NA,NA,NA,NA,NA,NA,NA,NA,NA,NA,NA,NA,NA,NA,NA,NA,NA,NA,NA,NA,NA,NA
"774","71","b",30,"summer","pasture","S",NA,NA,NA,NA,NA,NA,NA,NA,NA,NA,NA,NA,NA,NA,NA,NA,NA,NA,NA,NA,NA,NA
"775","71","b",40,"summer","pasture","S",NA,NA,NA,NA,NA,NA,NA,NA,NA,NA,NA,NA,NA,NA,NA,NA,NA,NA,NA,NA,NA,NA
"776","71","b",50,"summer","pasture","S",NA,NA,NA,NA,NA,NA,NA,NA,NA,NA,NA,NA,NA,NA,NA,NA,NA,NA,NA,NA,NA,NA
"777","71","b",75,"summer","pasture","S",NA,NA,NA,NA,NA,NA,NA,NA,NA,NA,NA,NA,NA,NA,NA,NA,NA,NA,NA,NA,NA,NA
"778","71","c",-10,"summer","pasture","S",NA,NA,NA,NA,NA,NA,NA,NA,NA,NA,NA,NA,NA,NA,NA,NA,NA,NA,NA,NA,NA,NA
"779","71","c",0,"summer","pasture","S",NA,NA,NA,NA,NA,NA,NA,NA,NA,NA,NA,NA,NA,NA,NA,NA,NA,NA,NA,NA,NA,NA
"780","71","c",10,"summer","pasture","S",NA,NA,NA,NA,NA,NA,NA,NA,NA,NA,NA,NA,NA,NA,NA,NA,NA,NA,NA,NA,NA,NA
"781","71","c",15,NA,NA,NA,NA,NA,NA,NA,NA,NA,NA,NA,NA,NA,NA,NA,NA,NA,NA,NA,NA,NA,NA,NA,NA,NA
"782","71","c",20,"summer","pasture","S",NA,NA,NA,NA,NA,NA,NA,NA,NA,NA,NA,NA,NA,NA,NA,NA,NA,NA,NA,NA,NA,NA
"783","71","c",30,"summer","pasture","S",NA,NA,NA,NA,NA,NA,NA,NA,NA,NA,NA,NA,NA,NA,NA,NA,NA,NA,NA,NA,NA,NA
"784","71","c",40,"summer","pasture","S",NA,NA,NA,NA,NA,NA,NA,NA,NA,NA,NA,NA,NA,NA,NA,NA,NA,NA,NA,NA,NA,NA
"785","71","c",50,"summer","pasture","S",NA,NA,NA,NA,NA,NA,NA,NA,NA,NA,NA,NA,NA,NA,NA,NA,NA,NA,NA,NA,NA,NA
"786","71","c",55,NA,NA,NA,NA,NA,NA,NA,NA,NA,NA,NA,NA,NA,NA,NA,NA,NA,NA,NA,NA,NA,NA,NA,NA,NA
"787","71","c",75,NA,NA,NA,NA,NA,NA,NA,NA,NA,NA,NA,NA,NA,NA,NA,NA,NA,NA,NA,NA,NA,NA,NA,NA,NA
"788","71","c",80,NA,NA,NA,NA,NA,NA,NA,NA,NA,NA,NA,NA,NA,NA,NA,NA,NA,NA,NA,NA,NA,NA,NA,NA,NA
"789","71","c",100,"summer","pasture","S",NA,NA,NA,NA,NA,NA,NA,NA,NA,NA,NA,NA,NA,NA,NA,NA,NA,NA,NA,NA,NA,NA
"790","71","c",150,"summer","pasture","S",NA,NA,NA,NA,NA,NA,NA,NA,NA,NA,NA,NA,NA,NA,NA,NA,NA,NA,NA,NA,NA,NA
"791","71","c",200,"summer","pasture","S",NA,NA,NA,NA,NA,NA,NA,NA,NA,NA,NA,NA,NA,NA,NA,NA,NA,NA,NA,NA,NA,NA
"792","71","c",230,"summer","pasture","S",NA,NA,NA,NA,NA,NA,NA,NA,NA,NA,NA,NA,NA,NA,NA,NA,NA,NA,NA,NA,NA,NA
"793","71","d",-10,"summer","pasture","N",NA,NA,NA,NA,NA,NA,NA,NA,NA,NA,NA,NA,NA,NA,NA,NA,NA,NA,NA,NA,NA,NA
"794","71","d",0,"summer","pasture","N",NA,NA,NA,NA,NA,NA,NA,NA,NA,NA,NA,NA,NA,NA,NA,NA,NA,NA,NA,NA,NA,NA
"795","71","d",10,"summer","pasture","N",NA,NA,NA,NA,NA,NA,NA,NA,NA,NA,NA,NA,NA,NA,NA,NA,NA,NA,NA,NA,NA,NA
"796","71","d",15,NA,NA,NA,NA,NA,NA,NA,NA,NA,NA,NA,NA,NA,NA,NA,NA,NA,NA,NA,NA,NA,NA,NA,NA,NA
"797","71","d",20,"summer","pasture","N",NA,NA,NA,NA,NA,NA,NA,NA,NA,NA,NA,NA,NA,NA,NA,NA,NA,NA,NA,NA,NA,NA
"798","71","d",30,"summer","pasture","N",NA,NA,NA,NA,NA,NA,NA,NA,NA,NA,NA,NA,NA,NA,NA,NA,NA,NA,NA,NA,NA,NA
"799","71","d",40,"summer","pasture","N",NA,NA,NA,NA,NA,NA,NA,NA,NA,NA,NA,NA,NA,NA,NA,NA,NA,NA,NA,NA,NA,NA
"800","71","d",50,"summer","pasture","N",NA,NA,NA,NA,NA,NA,NA,NA,NA,NA,NA,NA,NA,NA,NA,NA,NA,NA,NA,NA,NA,NA
"801","71","d",75,"summer","pasture","N",NA,NA,NA,NA,NA,NA,NA,NA,NA,NA,NA,NA,NA,NA,NA,NA,NA,NA,NA,NA,NA,NA
"802","71","d",100,NA,NA,NA,NA,NA,NA,NA,NA,NA,NA,NA,NA,NA,NA,NA,NA,NA,NA,NA,NA,NA,NA,NA,NA,NA
"803","71","d",150,NA,NA,NA,NA,NA,NA,NA,NA,NA,NA,NA,NA,NA,NA,NA,NA,NA,NA,NA,NA,NA,NA,NA,NA,NA
"804","71","d",200,NA,NA,NA,NA,NA,NA,NA,NA,NA,NA,NA,NA,NA,NA,NA,NA,NA,NA,NA,NA,NA,NA,NA,NA,NA
"805","71","d",228,NA,NA,NA,NA,NA,NA,NA,NA,NA,NA,NA,NA,NA,NA,NA,NA,NA,NA,NA,NA,NA,NA,NA,NA,NA
"806","71","d",230,NA,NA,NA,NA,NA,NA,NA,NA,NA,NA,NA,NA,NA,NA,NA,NA,NA,NA,NA,NA,NA,NA,NA,NA,NA
"807","71","e",-10,"summer","pasture","N",NA,NA,NA,NA,NA,NA,NA,NA,NA,NA,NA,NA,NA,NA,NA,NA,NA,NA,NA,NA,NA,NA
"808","71","e",-5,NA,NA,NA,NA,NA,NA,NA,NA,NA,NA,NA,NA,NA,NA,NA,NA,NA,NA,NA,NA,NA,NA,NA,NA,NA
"809","71","e",0,"summer","pasture","N",NA,NA,NA,NA,NA,NA,NA,NA,NA,NA,NA,NA,NA,NA,NA,NA,NA,NA,NA,NA,NA,NA
"810","71","e",10,"summer","pasture","N",NA,NA,NA,NA,NA,NA,NA,NA,NA,NA,NA,NA,NA,NA,NA,NA,NA,NA,NA,NA,NA,NA
"811","71","e",15,NA,NA,NA,NA,NA,NA,NA,NA,NA,NA,NA,NA,NA,NA,NA,NA,NA,NA,NA,NA,NA,NA,NA,NA,NA
"812","71","e",20,"summer","pasture","N",NA,NA,NA,NA,NA,NA,NA,NA,NA,NA,NA,NA,NA,NA,NA,NA,NA,NA,NA,NA,NA,NA
"813","71","e",30,"summer","pasture","N",NA,NA,NA,NA,NA,NA,NA,NA,NA,NA,NA,NA,NA,NA,NA,NA,NA,NA,NA,NA,NA,NA
"814","71","e",40,"summer","pasture","N",NA,NA,NA,NA,NA,NA,NA,NA,NA,NA,NA,NA,NA,NA,NA,NA,NA,NA,NA,NA,NA,NA
"815","71","e",45,NA,NA,NA,NA,NA,NA,NA,NA,NA,NA,NA,NA,NA,NA,NA,NA,NA,NA,NA,NA,NA,NA,NA,NA,NA
"816","71","e",50,"summer","pasture","N",NA,NA,NA,NA,NA,NA,NA,NA,NA,NA,NA,NA,NA,NA,NA,NA,NA,NA,NA,NA,NA,NA
"817","71","e",55,NA,NA,NA,NA,NA,NA,NA,NA,NA,NA,NA,NA,NA,NA,NA,NA,NA,NA,NA,NA,NA,NA,NA,NA,NA
"818","71","e",100,"summer","pasture","N",NA,NA,NA,NA,NA,NA,NA,NA,NA,NA,NA,NA,NA,NA,NA,NA,NA,NA,NA,NA,NA,NA
"819","71","e",150,"summer","pasture","N",NA,NA,NA,NA,NA,NA,NA,NA,NA,NA,NA,NA,NA,NA,NA,NA,NA,NA,NA,NA,NA,NA
"820","71","e",190,"summer","pasture","N",NA,NA,NA,NA,NA,NA,NA,NA,NA,NA,NA,NA,NA,NA,NA,NA,NA,NA,NA,NA,NA,NA
"821","28",NA,-10,NA,NA,NA,NA,NA,NA,NA,NA,NA,NA,NA,NA,NA,"SD",7.28,-22,"SD",0.97,62,NA,NA,NA,NA,NA,NA
"822","28",NA,0,NA,NA,NA,NA,NA,NA,NA,NA,NA,NA,NA,NA,NA,"SD",7.39,-21,"SD",0.65,8,NA,NA,NA,NA,NA,NA
"823","28",NA,60,NA,NA,NA,NA,NA,NA,NA,NA,NA,NA,NA,NA,NA,"SD",9.32,0,"SD",0.6,0,NA,NA,NA,NA,NA,NA
"824","29","1",-5,NA,NA,NA,NA,NA,NA,NA,NA,NA,NA,NA,NA,NA,NA,NA,NA,NA,NA,NA,NA,NA,NA,NA,NA,NA
"825","29","1",0,NA,NA,NA,NA,NA,NA,NA,NA,NA,NA,NA,NA,NA,NA,NA,NA,NA,NA,NA,NA,NA,NA,NA,NA,NA
"826","29","1",5,NA,NA,NA,NA,NA,NA,NA,NA,NA,NA,NA,NA,NA,NA,NA,NA,NA,NA,NA,NA,NA,NA,NA,NA,NA
"827","29","1",10,NA,NA,NA,NA,NA,NA,NA,NA,NA,NA,NA,NA,NA,NA,NA,NA,NA,NA,NA,NA,NA,NA,NA,NA,NA
"828","29","1",20,NA,NA,NA,NA,NA,NA,NA,NA,NA,NA,NA,NA,NA,NA,NA,NA,NA,NA,NA,NA,NA,NA,NA,NA,NA
"829","29","1",40,NA,NA,NA,NA,NA,NA,NA,NA,NA,NA,NA,NA,NA,NA,NA,NA,NA,NA,NA,NA,NA,NA,NA,NA,NA
"830","29","1",60,NA,NA,NA,NA,NA,NA,NA,NA,NA,NA,NA,NA,NA,NA,NA,NA,NA,NA,NA,NA,NA,NA,NA,NA,NA
"831","29","1",80,NA,NA,NA,NA,NA,NA,NA,NA,NA,NA,NA,NA,NA,NA,NA,NA,NA,NA,NA,NA,NA,NA,NA,NA,NA
"832","29","1",100,NA,NA,NA,NA,NA,NA,NA,NA,NA,NA,NA,NA,NA,NA,NA,NA,NA,NA,NA,NA,NA,NA,NA,NA,NA
"833","29","1",150,NA,NA,NA,NA,NA,NA,NA,NA,NA,NA,NA,NA,NA,NA,NA,NA,NA,NA,NA,NA,NA,NA,NA,NA,NA
"834","29","1",200,NA,NA,NA,NA,NA,NA,NA,NA,NA,NA,NA,NA,NA,NA,NA,NA,NA,NA,NA,NA,NA,NA,NA,NA,NA
"835","29","2",-5,NA,NA,NA,NA,NA,NA,NA,NA,NA,NA,NA,NA,NA,NA,NA,NA,NA,NA,NA,NA,NA,NA,NA,NA,NA
"836","29","2",0,NA,NA,NA,NA,NA,NA,NA,NA,NA,NA,NA,NA,NA,NA,NA,NA,NA,NA,NA,NA,NA,NA,NA,NA,NA
"837","29","2",5,NA,NA,NA,NA,NA,NA,NA,NA,NA,NA,NA,NA,NA,NA,NA,NA,NA,NA,NA,NA,NA,NA,NA,NA,NA
"838","29","2",10,NA,NA,NA,NA,NA,NA,NA,NA,NA,NA,NA,NA,NA,NA,NA,NA,NA,NA,NA,NA,NA,NA,NA,NA,NA
"839","29","2",20,NA,NA,NA,NA,NA,NA,NA,NA,NA,NA,NA,NA,NA,NA,NA,NA,NA,NA,NA,NA,NA,NA,NA,NA,NA
"840","29","2",40,NA,NA,NA,NA,NA,NA,NA,NA,NA,NA,NA,NA,NA,NA,NA,NA,NA,NA,NA,NA,NA,NA,NA,NA,NA
"841","29","2",60,NA,NA,NA,NA,NA,NA,NA,NA,NA,NA,NA,NA,NA,NA,NA,NA,NA,NA,NA,NA,NA,NA,NA,NA,NA
"842","29","2",80,NA,NA,NA,NA,NA,NA,NA,NA,NA,NA,NA,NA,NA,NA,NA,NA,NA,NA,NA,NA,NA,NA,NA,NA,NA
"843","29","2",100,NA,NA,NA,NA,NA,NA,NA,NA,NA,NA,NA,NA,NA,NA,NA,NA,NA,NA,NA,NA,NA,NA,NA,NA,NA
"844","29","2",150,NA,NA,NA,NA,NA,NA,NA,NA,NA,NA,NA,NA,NA,NA,NA,NA,NA,NA,NA,NA,NA,NA,NA,NA,NA
"845","29","2",200,NA,NA,NA,NA,NA,NA,NA,NA,NA,NA,NA,NA,NA,NA,NA,NA,NA,NA,NA,NA,NA,NA,NA,NA,NA
"846","29","3",-5,NA,NA,NA,NA,NA,NA,NA,NA,NA,NA,NA,NA,NA,NA,NA,NA,NA,NA,NA,NA,NA,NA,NA,NA,NA
"847","29","3",5,NA,NA,NA,NA,NA,NA,NA,NA,NA,NA,NA,NA,NA,NA,NA,NA,NA,NA,NA,NA,NA,NA,NA,NA,NA
"848","29","3",10,NA,NA,NA,NA,NA,NA,NA,NA,NA,NA,NA,NA,NA,NA,NA,NA,NA,NA,NA,NA,NA,NA,NA,NA,NA
"849","29","3",20,NA,NA,NA,NA,NA,NA,NA,NA,NA,NA,NA,NA,NA,NA,NA,NA,NA,NA,NA,NA,NA,NA,NA,NA,NA
"850","29","3",40,NA,NA,NA,NA,NA,NA,NA,NA,NA,NA,NA,NA,NA,NA,NA,NA,NA,NA,NA,NA,NA,NA,NA,NA,NA
"851","29","3",60,NA,NA,NA,NA,NA,NA,NA,NA,NA,NA,NA,NA,NA,NA,NA,NA,NA,NA,NA,NA,NA,NA,NA,NA,NA
"852","29","3",80,NA,NA,NA,NA,NA,NA,NA,NA,NA,NA,NA,NA,NA,NA,NA,NA,NA,NA,NA,NA,NA,NA,NA,NA,NA
"853","29","3",100,NA,NA,NA,NA,NA,NA,NA,NA,NA,NA,NA,NA,NA,NA,NA,NA,NA,NA,NA,NA,NA,NA,NA,NA,NA
"854","29","3",150,NA,NA,NA,NA,NA,NA,NA,NA,NA,NA,NA,NA,NA,NA,NA,NA,NA,NA,NA,NA,NA,NA,NA,NA,NA
"855","29","3",200,NA,NA,NA,NA,NA,NA,NA,NA,NA,NA,NA,NA,NA,NA,NA,NA,NA,NA,NA,NA,NA,NA,NA,NA,NA
"856","29","a",-5,NA,NA,NA,NA,NA,NA,NA,NA,NA,NA,NA,NA,NA,NA,NA,NA,NA,NA,NA,NA,NA,NA,NA,NA,NA
"857","29","a",0,NA,NA,NA,NA,NA,NA,NA,NA,NA,NA,NA,NA,NA,NA,NA,NA,NA,NA,NA,NA,NA,NA,NA,NA,NA
"858","29","a",5,NA,NA,NA,NA,NA,NA,NA,NA,NA,NA,NA,NA,NA,NA,NA,NA,NA,NA,NA,NA,NA,NA,NA,NA,NA
"859","29","a",10,NA,NA,NA,NA,NA,NA,NA,NA,NA,NA,NA,NA,NA,NA,NA,NA,NA,NA,NA,NA,NA,NA,NA,NA,NA
"860","29","a",20,NA,NA,NA,NA,NA,NA,NA,NA,NA,NA,NA,NA,NA,NA,NA,NA,NA,NA,NA,NA,NA,NA,NA,NA,NA
"861","29","a",40,NA,NA,NA,NA,NA,NA,NA,NA,NA,NA,NA,NA,NA,NA,NA,NA,NA,NA,NA,NA,NA,NA,NA,NA,NA
"862","29","a",60,NA,NA,NA,NA,NA,NA,NA,NA,NA,NA,NA,NA,NA,NA,NA,NA,NA,NA,NA,NA,NA,NA,NA,NA,NA
"863","29","a",80,NA,NA,NA,NA,NA,NA,NA,NA,NA,NA,NA,NA,NA,NA,NA,NA,NA,NA,NA,NA,NA,NA,NA,NA,NA
"864","29","a",100,NA,NA,NA,NA,NA,NA,NA,NA,NA,NA,NA,NA,NA,NA,NA,NA,NA,NA,NA,NA,NA,NA,NA,NA,NA
"865","29","a",150,NA,NA,NA,NA,NA,NA,NA,NA,NA,NA,NA,NA,NA,NA,NA,NA,NA,NA,NA,NA,NA,NA,NA,NA,NA
"866","29","a",200,NA,NA,NA,NA,NA,NA,NA,NA,NA,NA,NA,NA,NA,NA,NA,NA,NA,NA,NA,NA,NA,NA,NA,NA,NA
"867","29","b",-5,NA,NA,NA,NA,NA,NA,NA,NA,NA,NA,NA,NA,NA,NA,NA,NA,NA,NA,NA,NA,NA,NA,NA,NA,NA
"868","29","b",0,NA,NA,NA,NA,NA,NA,NA,NA,NA,NA,NA,NA,NA,NA,NA,NA,NA,NA,NA,NA,NA,NA,NA,NA,NA
"869","29","b",5,NA,NA,NA,NA,NA,NA,NA,NA,NA,NA,NA,NA,NA,NA,NA,NA,NA,NA,NA,NA,NA,NA,NA,NA,NA
"870","29","b",10,NA,NA,NA,NA,NA,NA,NA,NA,NA,NA,NA,NA,NA,NA,NA,NA,NA,NA,NA,NA,NA,NA,NA,NA,NA
"871","29","b",20,NA,NA,NA,NA,NA,NA,NA,NA,NA,NA,NA,NA,NA,NA,NA,NA,NA,NA,NA,NA,NA,NA,NA,NA,NA
"872","29","b",40,NA,NA,NA,NA,NA,NA,NA,NA,NA,NA,NA,NA,NA,NA,NA,NA,NA,NA,NA,NA,NA,NA,NA,NA,NA
"873","29","b",60,NA,NA,NA,NA,NA,NA,NA,NA,NA,NA,NA,NA,NA,NA,NA,NA,NA,NA,NA,NA,NA,NA,NA,NA,NA
"874","29","b",80,NA,NA,NA,NA,NA,NA,NA,NA,NA,NA,NA,NA,NA,NA,NA,NA,NA,NA,NA,NA,NA,NA,NA,NA,NA
"875","29","b",100,NA,NA,NA,NA,NA,NA,NA,NA,NA,NA,NA,NA,NA,NA,NA,NA,NA,NA,NA,NA,NA,NA,NA,NA,NA
"876","29","b",150,NA,NA,NA,NA,NA,NA,NA,NA,NA,NA,NA,NA,NA,NA,NA,NA,NA,NA,NA,NA,NA,NA,NA,NA,NA
"877","29","b",200,NA,NA,NA,NA,NA,NA,NA,NA,NA,NA,NA,NA,NA,NA,NA,NA,NA,NA,NA,NA,NA,NA,NA,NA,NA
"878","29","c",-5,NA,NA,NA,NA,NA,NA,NA,NA,NA,NA,NA,NA,NA,NA,NA,NA,NA,NA,NA,NA,NA,NA,NA,NA,NA
"879","29","c",5,NA,NA,NA,NA,NA,NA,NA,NA,NA,NA,NA,NA,NA,NA,NA,NA,NA,NA,NA,NA,NA,NA,NA,NA,NA
"880","29","c",10,NA,NA,NA,NA,NA,NA,NA,NA,NA,NA,NA,NA,NA,NA,NA,NA,NA,NA,NA,NA,NA,NA,NA,NA,NA
"881","29","c",20,NA,NA,NA,NA,NA,NA,NA,NA,NA,NA,NA,NA,NA,NA,NA,NA,NA,NA,NA,NA,NA,NA,NA,NA,NA
"882","29","c",40,NA,NA,NA,NA,NA,NA,NA,NA,NA,NA,NA,NA,NA,NA,NA,NA,NA,NA,NA,NA,NA,NA,NA,NA,NA
"883","29","c",60,NA,NA,NA,NA,NA,NA,NA,NA,NA,NA,NA,NA,NA,NA,NA,NA,NA,NA,NA,NA,NA,NA,NA,NA,NA
"884","29","c",80,NA,NA,NA,NA,NA,NA,NA,NA,NA,NA,NA,NA,NA,NA,NA,NA,NA,NA,NA,NA,NA,NA,NA,NA,NA
"885","29","c",100,NA,NA,NA,NA,NA,NA,NA,NA,NA,NA,NA,NA,NA,NA,NA,NA,NA,NA,NA,NA,NA,NA,NA,NA,NA
"886","29","c",150,NA,NA,NA,NA,NA,NA,NA,NA,NA,NA,NA,NA,NA,NA,NA,NA,NA,NA,NA,NA,NA,NA,NA,NA,NA
"887","29","c",200,NA,NA,NA,NA,NA,NA,NA,NA,NA,NA,NA,NA,NA,NA,NA,NA,NA,NA,NA,NA,NA,NA,NA,NA,NA
"888","33",NA,0,NA,NA,NA,NA,NA,NA,NA,NA,NA,NA,NA,NA,NA,"SE",0.5,150,NA,NA,NA,NA,NA,NA,NA,NA,NA
"889","33",NA,15,NA,NA,NA,NA,NA,NA,NA,NA,NA,NA,NA,NA,NA,"SE",0.3,50,NA,NA,NA,NA,NA,NA,NA,NA,NA
"890","33",NA,30,NA,NA,NA,NA,NA,NA,NA,NA,NA,NA,NA,NA,NA,"SE",0.3,50,NA,NA,NA,NA,NA,NA,NA,NA,NA
"891","33",NA,45,NA,NA,NA,NA,NA,NA,NA,NA,NA,NA,NA,NA,NA,"SE",0.2,0,NA,NA,NA,NA,NA,NA,NA,NA,NA
"892","33",NA,60,NA,NA,NA,NA,NA,NA,NA,NA,NA,NA,NA,NA,NA,"SE",0.3,50,NA,NA,NA,NA,NA,NA,NA,NA,NA
"893","33",NA,90,NA,NA,NA,NA,NA,NA,NA,NA,NA,NA,NA,NA,NA,"SE",0.2,0,NA,NA,NA,NA,NA,NA,NA,NA,NA
"894","33",NA,120,NA,NA,NA,NA,NA,NA,NA,NA,NA,NA,NA,NA,NA,"SE",0.2,0,NA,NA,NA,NA,NA,NA,NA,NA,NA
"895","33",NA,180,NA,NA,NA,NA,NA,NA,NA,NA,NA,NA,NA,NA,NA,"SE",0.3,50,NA,NA,NA,NA,NA,NA,NA,NA,NA
"896","33",NA,240,NA,NA,NA,NA,NA,NA,NA,NA,NA,NA,NA,NA,NA,"SE",0.2,0,NA,NA,NA,NA,NA,NA,NA,NA,NA
"897","4",NA,10,NA,NA,NA,NA,NA,NA,NA,NA,NA,NA,NA,NA,NA,NA,NA,NA,NA,NA,NA,NA,NA,NA,NA,NA,NA
"898","4",NA,50,NA,NA,NA,NA,NA,NA,NA,NA,NA,NA,NA,NA,NA,NA,NA,NA,NA,NA,NA,NA,NA,NA,NA,NA,NA
"899","4",NA,100,NA,NA,NA,NA,NA,NA,NA,NA,NA,NA,NA,NA,NA,NA,NA,NA,NA,NA,NA,NA,NA,NA,NA,NA,NA
"900","4",NA,250,NA,NA,NA,NA,NA,NA,NA,NA,NA,NA,NA,NA,NA,NA,NA,NA,NA,NA,NA,NA,NA,NA,NA,NA,NA
"901","56","1",0,NA,NA,NA,NA,NA,NA,NA,NA,NA,NA,NA,NA,NA,NA,NA,NA,NA,NA,NA,NA,NA,NA,"SE",0.13,333
"902","56","1",4,NA,NA,NA,NA,NA,NA,NA,NA,NA,NA,NA,NA,NA,NA,NA,NA,NA,NA,NA,NA,NA,NA,"SE",0.03,0
"903","56","1",12,NA,NA,NA,NA,NA,NA,NA,NA,NA,NA,NA,NA,NA,NA,NA,NA,NA,NA,NA,NA,NA,NA,"SE",0.01,-67
"904","56","1",25,NA,NA,NA,NA,NA,NA,NA,NA,NA,NA,NA,NA,NA,NA,NA,NA,NA,NA,NA,NA,NA,NA,"SE",0.04,33
"905","56","1",50,NA,NA,NA,NA,NA,NA,NA,NA,NA,NA,NA,NA,NA,NA,NA,NA,NA,NA,NA,NA,NA,NA,"SE",0.02,-33
"906","56","1",100,NA,NA,NA,NA,NA,NA,NA,NA,NA,NA,NA,NA,NA,NA,NA,NA,NA,NA,NA,NA,NA,NA,"SE",0.03,0
"907","56","2",0,NA,NA,NA,NA,NA,NA,NA,NA,NA,NA,NA,NA,NA,NA,NA,NA,NA,NA,NA,NA,NA,NA,"SE",0.14,1300
"908","56","2",4,NA,NA,NA,NA,NA,NA,NA,NA,NA,NA,NA,NA,NA,NA,NA,NA,NA,NA,NA,NA,NA,NA,"SE",0.02,100
"909","56","2",12,NA,NA,NA,NA,NA,NA,NA,NA,NA,NA,NA,NA,NA,NA,NA,NA,NA,NA,NA,NA,NA,NA,"SE",0,-100
"910","56","2",25,NA,NA,NA,NA,NA,NA,NA,NA,NA,NA,NA,NA,NA,NA,NA,NA,NA,NA,NA,NA,NA,NA,"SE",0.04,300
"911","56","2",50,NA,NA,NA,NA,NA,NA,NA,NA,NA,NA,NA,NA,NA,NA,NA,NA,NA,NA,NA,NA,NA,NA,"SE",0.02,100
"912","56","2",100,NA,NA,NA,NA,NA,NA,NA,NA,NA,NA,NA,NA,NA,NA,NA,NA,NA,NA,NA,NA,NA,NA,"SE",0.01,0
"913","56","a",0,NA,NA,NA,NA,NA,NA,NA,NA,NA,NA,NA,NA,NA,NA,NA,NA,NA,NA,NA,NA,NA,NA,"SE",0.09,800
"914","56","a",4,NA,NA,NA,NA,NA,NA,NA,NA,NA,NA,NA,NA,NA,NA,NA,NA,NA,NA,NA,NA,NA,NA,"SE",0.02,100
"915","56","a",12,NA,NA,NA,NA,NA,NA,NA,NA,NA,NA,NA,NA,NA,NA,NA,NA,NA,NA,NA,NA,NA,NA,"SE",0.01,0
"916","56","a",25,NA,NA,NA,NA,NA,NA,NA,NA,NA,NA,NA,NA,NA,NA,NA,NA,NA,NA,NA,NA,NA,NA,"SE",0.02,100
"917","56","a",50,NA,NA,NA,NA,NA,NA,NA,NA,NA,NA,NA,NA,NA,NA,NA,NA,NA,NA,NA,NA,NA,NA,"SE",0,-100
"918","56","a",100,NA,NA,NA,NA,NA,NA,NA,NA,NA,NA,NA,NA,NA,NA,NA,NA,NA,NA,NA,NA,NA,NA,"SE",0.01,0
"919","56","b",0,NA,NA,NA,NA,NA,NA,NA,NA,NA,NA,NA,NA,NA,NA,NA,NA,NA,NA,NA,NA,NA,NA,"SE",0.04,0
"920","56","b",4,NA,NA,NA,NA,NA,NA,NA,NA,NA,NA,NA,NA,NA,NA,NA,NA,NA,NA,NA,NA,NA,NA,"SE",0.01,-75
"921","56","b",12,NA,NA,NA,NA,NA,NA,NA,NA,NA,NA,NA,NA,NA,NA,NA,NA,NA,NA,NA,NA,NA,NA,"SE",0,-100
"922","56","b",25,NA,NA,NA,NA,NA,NA,NA,NA,NA,NA,NA,NA,NA,NA,NA,NA,NA,NA,NA,NA,NA,NA,"SE",0.02,-50
"923","56","b",50,NA,NA,NA,NA,NA,NA,NA,NA,NA,NA,NA,NA,NA,NA,NA,NA,NA,NA,NA,NA,NA,NA,"SE",0.01,-75
"924","56","b",100,NA,NA,NA,NA,NA,NA,NA,NA,NA,NA,NA,NA,NA,NA,NA,NA,NA,NA,NA,NA,NA,NA,"SE",0.04,0
