article.id,segment_n,rel_humid,dist,humid_diff,stat_sig,percent_diff,season,matrix_type,edge_orient,edge_age_years,finer_scale,SD_SE_CI_V,SD_SE_CI_V_n,notes
24,NA,24.25,-10,NA,NA,NA,dry,pasture,S,NA,NA,SD,2.6,
24,NA,23.42,0,NA,NA,NA,dry,pasture,S,NA,NA,SD,2.38,
24,NA,23.42,10,NA,NA,NA,dry,pasture,S,NA,NA,SD,2.47,
24,NA,23.92,25,NA,NA,NA,dry,pasture,S,NA,NA,SD,1.4,
24,NA,24.08,40,NA,NA,NA,dry,pasture,S,NA,NA,SD,1.85,
24,NA,23.75,55,NA,NA,NA,dry,pasture,S,NA,NA,SD,2.15,
24,NA,24.5,70,NA,NA,NA,dry,pasture,S,NA,NA,SD,2.53,
24,NA,25.33,85,NA,NA,NA,dry,pasture,S,NA,NA,SD,1.78,
7,a,81.47,60,NA,Y,NA,spring,grass,NA,NA,NA,NA,NA,
7,a,61.03,-10,NA,Y,NA,spring,grass,NA,NA,NA,NA,NA,formerly -20
7,b,85.19,60,NA,Y,NA,summer,grass,NA,NA,NA,NA,NA,
7,b,65.13,-10,NA,Y,NA,summer,grass,NA,NA,NA,NA,NA,formerly -20
7,c,80.99,60,NA,Y,NA,fall,grass,NA,NA,NA,NA,NA,
7,c,63.87,-10,NA,Y,NA,fall,grass,NA,NA,NA,NA,NA,formerly -20
7,d,85.75,60,NA,Y,NA,winter,grass,NA,NA,NA,NA,NA,
7,d,62.74,-10,NA,Y,NA,winter,grass,NA,NA,NA,NA,NA,formerly -20
53,a,61.9,-30,NA,Y,NA,NA,eucalyptus.farm,NE,NA,NA,CI,4.4,eucalypt.barrier
53,a,60.8,-20,NA,Y,NA,NA,eucalyptus.farm,NE,NA,NA,CI,4.55,eucalypt.barrier
53,a,60.9,-10,NA,Y,NA,NA,eucalyptus.farm,NE,NA,NA,CI,4.5,eucalypt.barrier
53,a,61,0,NA,Y,NA,NA,eucalyptus.farm,NE,NA,NA,CI,4.4,eucalypt.barrier
53,a,61.8,10,NA,Y,NA,NA,eucalyptus.farm,NE,NA,NA,CI,4.3,eucalypt.barrier
53,a,62.3,20,NA,N,NA,NA,eucalyptus.farm,NE,NA,NA,CI,4.2,eucalypt.barrier
53,a,63.9,30,NA,N,NA,NA,eucalyptus.farm,NE,NA,NA,CI,4.1,eucalypt.barrier
53,b,61.1,-30,NA,N,NA,NA,eucalyptus.farm,NE,NA,NA,CI,3.9,no.barrier
53,b,59.3,-20,NA,N,NA,NA,eucalyptus.farm,NE,NA,NA,CI,4,no.barrier
53,b,58.6,-10,NA,Y,NA,NA,eucalyptus.farm,NE,NA,NA,CI,4.2,no.barrier
53,b,58.4,0,NA,Y,NA,NA,eucalyptus.farm,NE,NA,NA,CI,4.3,no.barrier
53,b,59.2,10,NA,N,NA,NA,eucalyptus.farm,NE,NA,NA,CI,4.15,no.barrier
53,b,59.9,20,NA,N,NA,NA,eucalyptus.farm,NE,NA,NA,CI,4,no.barrier
53,b,61.3,30,NA,N,NA,NA,eucalyptus.farm,NE,NA,NA,CI,3.95,no.barrier
32,NA,70.9,-10,NA,N,NA,summer,conifer.clearcut,NA,15,hourly,SE,3.41,
32,NA,75.99,10,NA,N,NA,summer,conifer.clearcut,NA,15,hourly,SE,2.88,marked.only.as.edge
32,NA,79.38,250,NA,N,NA,summer,conifer.clearcut,NA,15,hourly,SE,2.63,
66,a,57.1,-10,NA,NA,NA,NA,prairie,NA,NA,monthly,SD,0.3,T1.unburned
66,a,59.6,0,NA,NA,NA,NA,prairie,NA,NA,monthly,SD,0.3,T1.unburned
66,a,62.6,23,NA,NA,NA,NA,prairie,NA,NA,monthly,SD,0.2,T1.unburned
66,a,63.3,45,NA,NA,NA,NA,prairie,NA,NA,monthly,SD,0.3,T1.unburned
66,b,57.9,-10,NA,NA,NA,NA,prairie,NA,NA,monthly,SD,0.3,T8.unburned
66,b,58.4,0,NA,NA,NA,NA,prairie,NA,NA,monthly,SD,0.3,T8.unburned
66,b,62.9,22,NA,NA,NA,NA,prairie,NA,NA,monthly,SD,0.3,T8.unburned
66,b,63.2,45,NA,NA,NA,NA,prairie,NA,NA,monthly,SD,0.2,T8.unburned
66,c,28.8,-10,NA,NA,NA,NA,prairie,NA,NA,monthly,SD,0.3,T4.unburned
66,c,28.6,0,NA,NA,NA,NA,prairie,NA,NA,monthly,SD,0.3,T4.unburned
66,c,26.9,23,NA,NA,NA,NA,prairie,NA,NA,monthly,SD,0.3,T4.unburned
66,c,26.8,45,NA,NA,NA,NA,prairie,NA,NA,monthly,SD,0.2,T4.unburned
66,d,58.5,-10,NA,NA,NA,NA,prairie,NA,NA,monthly,SD,0.4,T7.unburned
66,d,57.3,0,NA,NA,NA,NA,prairie,NA,NA,monthly,SD,0.3,T7.unburned
66,d,59.8,32,NA,NA,NA,NA,prairie,NA,NA,monthly,SD,0.3,T7.unburned
66,d,60.5,64,NA,NA,NA,NA,prairie,NA,NA,monthly,SD,0.3,T7.unburned
66,e,57.9,-10,NA,NA,NA,NA,prairie,NA,NA,monthly,SD,0.3,T5.unburned
66,e,59.2,0,NA,NA,NA,NA,prairie,NA,NA,monthly,SD,0.3,T5.unburned
66,e,64.6,44,NA,NA,NA,NA,prairie,NA,NA,monthly,SD,0.3,T5.unburned
66,e,64.9,88,NA,NA,NA,NA,prairie,NA,NA,monthly,SD,0.3,T5.unburned
66,f,56.3,-10,NA,NA,NA,NA,prairie,NA,NA,monthly,SD,0.3,T6.unburned
66,f,59.4,0,NA,NA,NA,NA,prairie,NA,NA,monthly,SD,0.3,T6.unburned
66,f,61.1,31,NA,NA,NA,NA,prairie,NA,NA,monthly,SD,0.3,T6.unburned
66,f,63.1,61,NA,NA,NA,NA,prairie,NA,NA,monthly,SD,0.3,T6.unburned
66,g,58.3,-10,NA,NA,NA,NA,prairie,NA,NA,monthly,SD,0.3,54.burned
66,g,60.8,0,NA,NA,NA,NA,prairie,NA,NA,monthly,SD,0.3,54.burned
66,g,62.9,26,NA,NA,NA,NA,prairie,NA,NA,monthly,SD,0.2,54.burned
66,g,62.3,51,NA,NA,NA,NA,prairie,NA,NA,monthly,SD,0.3,54.burned
66,h,59.5,-10,NA,NA,NA,NA,prairie,NA,NA,monthly,SD,0.3,C2.burned
66,h,59.9,0,NA,NA,NA,NA,prairie,NA,NA,monthly,SD,0.3,C2.burned
66,h,60.5,32,NA,NA,NA,NA,prairie,NA,NA,monthly,SD,0.3,C2.burned
66,h,63.9,64,NA,NA,NA,NA,prairie,NA,NA,monthly,SD,0.3,C2.burned
66,i,57.4,-10,NA,NA,NA,NA,prairie,NA,NA,monthly,SD,0.3,C4.burned
66,i,57.4,0,NA,NA,NA,NA,prairie,NA,NA,monthly,SD,0.3,C4.burned
66,i,63.8,36,NA,NA,NA,NA,prairie,NA,NA,monthly,SD,0.2,C4.burned
66,i,62.3,71,NA,NA,NA,NA,prairie,NA,NA,monthly,SD,0.2,C4.burned
66,j,59,-10,NA,NA,NA,NA,prairie,NA,NA,monthly,SD,0.3,C3.burned
66,j,58.8,0,NA,NA,NA,NA,prairie,NA,NA,monthly,SD,0.3,C3.burned
66,j,60.1,22,NA,NA,NA,NA,prairie,NA,NA,monthly,SD,0.3,C3.burned
66,j,60.9,43,NA,NA,NA,NA,prairie,NA,NA,monthly,SD,0.3,C3.burned
66,k,58.5,-10,NA,NA,NA,NA,prairie,NA,NA,monthly,SD,0.3,C1.burned
66,k,60.6,0,NA,NA,NA,NA,prairie,NA,NA,monthly,SD,0.3,C1.burned
66,k,63.6,34,NA,NA,NA,NA,prairie,NA,NA,monthly,SD,0.2,C1.burned
66,k,75.9,67,NA,NA,NA,NA,prairie,NA,NA,monthly,SD,0.3,C1.burned
66,l,60.6,-10,NA,NA,NA,NA,prairie,NA,NA,monthly,SD,0.3,C5.burned
66,l,61,0,NA,NA,NA,NA,prairie,NA,NA,monthly,SD,0.3,C5.burned
66,l,63.1,20,NA,NA,NA,NA,prairie,NA,NA,monthly,SD,0.2,C5.burned
66,l,61.7,40,NA,NA,NA,NA,prairie,NA,NA,monthly,SD,0.3,C5.burned
68,1,86.66,50,NA,NA,NA,dry,pasture,NA,15,NA,SE,0.52,
68,1,89.56,45,NA,NA,NA,dry,pasture,NA,15,NA,SE,0,
68,1,89.16,40,NA,NA,NA,dry,pasture,NA,15,NA,SE,0,
68,1,88.44,35,NA,NA,NA,dry,pasture,NA,15,NA,SE,0,
68,1,87.31,30,NA,NA,NA,dry,pasture,NA,15,NA,SE,0.93,
68,1,88.35,25,NA,NA,NA,dry,pasture,NA,15,NA,SE,0.83,
68,1,86.81,20,NA,NA,NA,dry,pasture,NA,15,NA,SE,0.52,
68,1,87.74,15,NA,NA,NA,dry,pasture,NA,15,NA,SE,1.66,
68,1,88.17,10,NA,NA,NA,dry,pasture,NA,15,NA,SE,2.59,
68,1,84.04,5,NA,NA,NA,dry,pasture,NA,15,NA,SE,2.07,
68,1,84.66,0,NA,NA,NA,dry,pasture,NA,15,NA,SE,0.41,
68,1,84.26,-5,NA,NA,NA,dry,pasture,NA,15,NA,SE,2.17,
68,1,84.37,-10,NA,NA,NA,dry,pasture,NA,15,NA,SE,1.14,
68,1,84.48,-15,NA,NA,NA,dry,pasture,NA,15,NA,SE,1.03,
68,1,85.52,-20,NA,NA,NA,dry,pasture,NA,15,NA,SE,3.31,
68,2,96.61,50,NA,NA,NA,dry,pasture,NA,4,NA,SE,0.69,
68,2,96.62,45,NA,NA,NA,dry,pasture,NA,4,NA,SE,0.59,
68,2,98.68,40,NA,NA,NA,dry,pasture,NA,4,NA,SE,0,
68,2,97.32,35,NA,NA,NA,dry,pasture,NA,4,NA,SE,1.47,
68,2,97.33,30,NA,NA,NA,dry,pasture,NA,4,NA,SE,1.08,
68,2,97.33,25,NA,NA,NA,dry,pasture,NA,4,NA,SE,1.37,
68,2,97.93,20,NA,NA,NA,dry,pasture,NA,4,NA,SE,0.69,
68,2,96.66,15,NA,NA,NA,dry,pasture,NA,4,NA,SE,1.76,
68,2,96.67,10,NA,NA,NA,dry,pasture,NA,4,NA,SE,1.76,
68,2,95.99,5,NA,NA,NA,dry,pasture,NA,4,NA,SE,2.65,
68,2,95.21,0,NA,NA,NA,dry,pasture,NA,4,NA,SE,2.06,
68,2,94.73,-5,NA,NA,NA,dry,pasture,NA,4,NA,SE,2.55,
68,2,92.87,-10,NA,NA,NA,dry,pasture,NA,4,NA,SE,1.67,
68,2,90.43,-15,NA,NA,NA,dry,pasture,NA,4,NA,SE,0.49,
68,2,91.81,-20,NA,NA,NA,dry,pasture,NA,4,NA,SE,1.86,
30,a,61.09,-25,NA,NA,NA,summer,meadow,NW,0.5,NA,SE,5.33,site1
30,a,57.7,-15,NA,NA,NA,summer,meadow,NW,0.5,NA,SE,3.66,site1
30,a,68.05,-10,NA,NA,NA,summer,meadow,NW,0.5,NA,SE,4.77,site1
30,a,71.85,-5,NA,NA,NA,summer,meadow,NW,0.5,NA,SE,5.77,site1
30,a,72.54,0,NA,NA,NA,summer,meadow,NW,0.5,NA,SE,5.44,site1
30,a,72.56,5,NA,NA,NA,summer,meadow,NW,0.5,NA,SE,5.66,site1
30,a,72.58,10,NA,NA,NA,summer,meadow,NW,0.5,NA,SE,5.67,site1
30,a,70.08,20,NA,NA,NA,summer,meadow,NW,0.5,NA,SE,5.77,site1
30,a,69.57,30,NA,NA,NA,summer,meadow,NW,0.5,NA,SE,6.55,site1
30,b,48.79,-20,NA,NA,NA,summer,field,NE,0.5,NA,SE,3.89,site2
30,b,46.95,-10,NA,NA,NA,summer,field,NE,0.5,NA,SE,4.89,site2
30,b,51.86,-5,NA,NA,NA,summer,field,NE,0.5,NA,SE,4.33,site2
30,b,56.66,0,NA,NA,NA,summer,field,NE,0.5,NA,SE,2.55,site2
30,b,60.68,5,NA,NA,NA,summer,field,NE,0.5,NA,SE,1.89,site2
30,b,59.93,10,NA,NA,NA,summer,field,NE,0.5,NA,SE,2.11,site2
30,b,57.4,15,NA,NA,NA,summer,field,NE,0.5,NA,SE,3.11,site2
30,b,58.11,25,NA,NA,NA,summer,field,NE,0.5,NA,SE,3.33,site2
30,b,59.38,35,NA,NA,NA,summer,field,NE,0.5,NA,SE,2.33,site2
43,a,81.12,0,NA,NA,NA,NA,ag.field,E,0,NA,SE,0,Brownfield.Woods
43,a,81.67,2,NA,NA,NA,NA,ag.field,E,0,NA,SE,0,Brownfield.Woods
43,a,81.24,5,NA,NA,NA,NA,ag.field,E,0,NA,SE,0,Brownfield.Woods
43,a,83.66,10,NA,NA,NA,NA,ag.field,E,0,NA,SE,0,Brownfield.Woods
43,a,81.8,15,NA,NA,NA,NA,ag.field,E,0,NA,SE,0,Brownfield.Woods
43,a,82.25,25,NA,NA,NA,NA,ag.field,E,0,NA,SE,0,Brownfield.Woods
43,a,83.46,40,NA,NA,NA,NA,ag.field,E,0,NA,SE,1.76,Brownfield.Woods
43,a,85.11,60,NA,NA,NA,NA,ag.field,E,0,NA,SE,1.54,Brownfield.Woods
43,a,85.44,80,NA,NA,NA,NA,ag.field,E,0,NA,SE,1.76,Brownfield.Woods
43,a,85.44,100,NA,NA,NA,NA,ag.field,E,0,NA,SE,1.97,Brownfield.Woods
43,a,83.25,175,NA,NA,NA,NA,ag.field,E,0,NA,SE,2.19,Brownfield.Woods
43,1,66.64,0,NA,NA,NA,NA,ag.field,S,0,NA,SE,4.06,Brownfield.Woods
43,1,68.95,2,NA,NA,NA,NA,ag.field,S,0,NA,SE,6.8,Brownfield.Woods
43,1,67.97,5,NA,NA,NA,NA,ag.field,S,0,NA,SE,4.72,Brownfield.Woods
43,1,67.87,10,NA,NA,NA,NA,ag.field,S,0,NA,SE,5.59,Brownfield.Woods
43,1,70.61,15,NA,NA,NA,NA,ag.field,S,0,NA,SE,3.51,Brownfield.Woods
43,1,70.18,25,NA,NA,NA,NA,ag.field,S,0,NA,SE,4.83,Brownfield.Woods
43,1,68.32,40,NA,NA,NA,NA,ag.field,S,0,NA,SE,6.58,Brownfield.Woods
43,1,64.59,60,NA,NA,NA,NA,ag.field,S,0,NA,SE,6.91,Brownfield.Woods
43,1,68.22,80,NA,NA,NA,NA,ag.field,S,0,NA,SE,8.88,Brownfield.Woods
43,1,68.22,100,NA,NA,NA,NA,ag.field,S,0,NA,SE,5.48,Brownfield.Woods
43,1,67.35,175,NA,NA,NA,NA,ag.field,S,0,NA,SE,6.69,Brownfield.Woods
43,2,64.55,0,NA,NA,NA,NA,ag.field,N,0,NA,SE,5.27,Brownfield.Woods
43,2,64.67,2,NA,NA,NA,NA,ag.field,N,0,NA,SE,2.96,Brownfield.Woods
43,2,62.27,5,NA,NA,NA,NA,ag.field,N,0,NA,SE,1.64,Brownfield.Woods
43,2,65.23,10,NA,NA,NA,NA,ag.field,N,0,NA,NA,NA,Brownfield.Woods
43,2,66.34,15,NA,NA,NA,NA,ag.field,N,0,NA,NA,NA,Brownfield.Woods
43,2,66.23,25,NA,NA,NA,NA,ag.field,N,0,NA,SE,3.29,Brownfield.Woods
43,2,67.44,40,NA,NA,NA,NA,ag.field,N,0,NA,NA,NA,Brownfield.Woods
43,2,68.21,60,NA,NA,NA,NA,ag.field,N,0,NA,SE,3.18,Brownfield.Woods
43,2,68.65,80,NA,NA,NA,NA,ag.field,N,0,NA,NA,NA,Brownfield.Woods
43,2,68.88,100,NA,NA,NA,NA,ag.field,N,0,NA,SE,1.31,Brownfield.Woods
43,2,77.33,175,NA,NA,NA,NA,ag.field,N,0,NA,SE,4.93,Brownfield.Woods
43,3,63.68,0,NA,NA,NA,NA,ag.field,W,0,NA,SE,4.93,Brownfield.Woods
43,3,64.78,2,NA,NA,NA,NA,ag.field,W,0,NA,SE,8.34,Brownfield.Woods
43,3,65.23,5,NA,NA,NA,NA,ag.field,W,0,NA,SE,6.47,Brownfield.Woods
43,3,65.34,10,NA,NA,NA,NA,ag.field,W,0,NA,SE,5.82,Brownfield.Woods
43,3,67.43,15,NA,NA,NA,NA,ag.field,W,0,NA,SE,5.27,Brownfield.Woods
43,3,69.63,25,NA,NA,NA,NA,ag.field,W,0,NA,SE,3.95,Brownfield.Woods
43,3,71.94,40,NA,NA,NA,NA,ag.field,W,0,NA,SE,2.52,Brownfield.Woods
43,3,75.12,60,NA,NA,NA,NA,ag.field,W,0,NA,SE,3.4,Brownfield.Woods
43,3,75.13,80,NA,NA,NA,NA,ag.field,W,0,NA,SE,1.86,Brownfield.Woods
43,3,77.21,100,NA,NA,NA,NA,ag.field,W,0,NA,SE,4.17,Brownfield.Woods
43,3,81.82,175,NA,NA,NA,NA,ag.field,W,0,NA,SE,3.84,Brownfield.Woods
43,b,58.97,0,NA,NA,NA,NA,ag.field,W,0,NA,SE,1.71,Trelease.Woods
43,b,58.38,2,NA,NA,NA,NA,ag.field,W,0,NA,SE,4.94,Trelease.Woods
43,b,62.02,5,NA,NA,NA,NA,ag.field,W,0,NA,SE,3.12,Trelease.Woods
43,b,64.55,10,NA,NA,NA,NA,ag.field,W,0,NA,SE,2.52,Trelease.Woods
43,b,65.26,15,NA,NA,NA,NA,ag.field,W,0,NA,SE,3.23,Trelease.Woods
43,b,64.16,25,NA,NA,NA,NA,ag.field,W,0,NA,SE,2.92,Trelease.Woods
43,b,63.16,40,NA,NA,NA,NA,ag.field,W,0,NA,SE,6.65,Trelease.Woods
43,b,64.58,60,NA,NA,NA,NA,ag.field,W,0,NA,SE,4.44,Trelease.Woods
43,b,64.39,80,NA,NA,NA,NA,ag.field,W,0,NA,SE,3.33,Trelease.Woods
43,b,67.82,100,NA,NA,NA,NA,ag.field,W,0,NA,SE,4.23,Trelease.Woods
43,b,65.71,175,NA,NA,NA,NA,ag.field,W,0,NA,SE,7.16,Trelease.Woods
43,4,52.82,0,NA,NA,NA,NA,ag.field,N,0,NA,NA,NA,Trelease.Woods
43,4,55.25,2,NA,NA,NA,NA,ag.field,N,0,NA,NA,NA,Trelease.Woods
43,4,56.07,5,NA,NA,NA,NA,ag.field,N,0,NA,SE,2.42,Trelease.Woods
43,4,54.07,10,NA,NA,NA,NA,ag.field,N,0,NA,SE,1.61,Trelease.Woods
43,4,55.69,15,NA,NA,NA,NA,ag.field,N,0,NA,NA,NA,Trelease.Woods
43,4,55.09,25,NA,NA,NA,NA,ag.field,N,0,NA,SE,1.81,Trelease.Woods
43,4,57.92,40,NA,NA,NA,NA,ag.field,N,0,NA,SE,1.91,Trelease.Woods
43,4,57.32,60,NA,NA,NA,NA,ag.field,N,0,NA,NA,NA,Trelease.Woods
43,4,57.73,80,NA,NA,NA,NA,ag.field,N,0,NA,NA,NA,Trelease.Woods
43,4,60.56,100,NA,NA,NA,NA,ag.field,N,0,NA,SE,0,Trelease.Woods
43,4,54.72,175,NA,NA,NA,NA,ag.field,N,0,NA,NA,NA,Trelease.Woods
43,5,51.81,0,NA,NA,NA,NA,ag.field,S,0,NA,NA,NA,Trelease.Woods
43,5,56.56,2,NA,NA,NA,NA,ag.field,S,0,NA,NA,NA,Trelease.Woods
43,5,56.17,5,NA,NA,NA,NA,ag.field,S,0,NA,NA,NA,Trelease.Woods
43,5,57.29,10,NA,NA,NA,NA,ag.field,S,0,NA,NA,NA,Trelease.Woods
43,5,55.38,15,NA,NA,NA,NA,ag.field,S,0,NA,NA,NA,Trelease.Woods
43,5,61.74,25,NA,NA,NA,NA,ag.field,S,0,NA,NA,NA,Trelease.Woods
43,5,60.95,40,NA,NA,NA,NA,ag.field,S,0,NA,NA,NA,Trelease.Woods
43,5,63.47,60,NA,NA,NA,NA,ag.field,S,0,NA,NA,NA,Trelease.Woods
43,5,63.48,80,NA,NA,NA,NA,ag.field,S,0,NA,NA,NA,Trelease.Woods
43,5,64.89,100,NA,NA,NA,NA,ag.field,S,0,NA,NA,NA,Trelease.Woods
43,5,59.46,175,NA,NA,NA,NA,ag.field,S,0,NA,NA,NA,Trelease.Woods
43,6,53.02,0,NA,NA,NA,NA,ag.field,E,0,NA,NA,NA,Trelease.Woods
43,6,51.62,2,NA,NA,NA,NA,ag.field,E,0,NA,NA,NA,Trelease.Woods
43,6,53.05,5,NA,NA,NA,NA,ag.field,E,0,NA,NA,NA,Trelease.Woods
43,6,53.76,10,NA,NA,NA,NA,ag.field,E,0,NA,NA,NA,Trelease.Woods
43,6,53.97,15,NA,NA,NA,NA,ag.field,E,0,NA,NA,NA,Trelease.Woods
43,6,53.88,25,NA,NA,NA,NA,ag.field,E,0,NA,NA,NA,Trelease.Woods
43,6,54.29,40,NA,NA,NA,NA,ag.field,E,0,NA,NA,NA,Trelease.Woods
43,6,55.41,60,NA,NA,NA,NA,ag.field,E,0,NA,NA,NA,Trelease.Woods
43,6,55.01,80,NA,NA,NA,NA,ag.field,E,0,NA,NA,NA,Trelease.Woods
43,6,55.22,100,NA,NA,NA,NA,ag.field,E,0,NA,NA,NA,Trelease.Woods
43,6,53.92,175,NA,NA,NA,NA,ag.field,E,0,NA,NA,NA,Trelease.Woods
47,a,76.6,-20,NA,NA,NA,wet,savanna,NE,NA,daily,NA,NA,
47,a,78.67,-5,NA,NA,NA,wet,savanna,NE,NA,daily,NA,NA,
47,a,84.84,-2,NA,NA,NA,wet,savanna,NE,NA,daily,NA,NA,
47,a,88.95,0,NA,NA,NA,wet,savanna,NE,NA,daily,NA,NA,
47,a,89.64,2,NA,NA,NA,wet,savanna,NE,NA,daily,NA,NA,
47,a,90.33,5,NA,NA,NA,wet,savanna,NE,NA,daily,NA,NA,
47,a,90.56,10,NA,NA,NA,wet,savanna,NE,NA,daily,NA,NA,
47,a,90.57,15,NA,NA,NA,wet,savanna,NE,NA,daily,NA,NA,
47,a,91.95,25,NA,NA,NA,wet,savanna,NE,NA,daily,NA,NA,
47,a,92.88,40,NA,NA,NA,wet,savanna,NE,NA,daily,NA,NA,
47,a,94.96,60,NA,NA,NA,wet,savanna,NE,NA,daily,NA,NA,
47,a,95.67,80,NA,NA,NA,wet,savanna,NE,NA,daily,NA,NA,
47,b,78.33,-20,NA,NA,NA,wet,savanna,NE,NA,daily,NA,NA,
47,b,84.28,-5,NA,NA,NA,wet,savanna,NE,NA,daily,NA,NA,
47,b,87.94,-2,NA,NA,NA,wet,savanna,NE,NA,daily,NA,NA,
47,b,88.85,0,NA,NA,NA,wet,savanna,NE,NA,daily,NA,NA,
47,b,90.23,2,NA,NA,NA,wet,savanna,NE,NA,daily,NA,NA,
47,b,90.69,5,NA,NA,NA,wet,savanna,NE,NA,daily,NA,NA,
47,b,92.52,10,NA,NA,NA,wet,savanna,NE,NA,daily,NA,NA,
47,b,92.52,15,NA,NA,NA,wet,savanna,NE,NA,daily,NA,NA,
47,b,90.48,25,NA,NA,NA,wet,savanna,NE,NA,daily,NA,NA,
47,b,92.55,40,NA,NA,NA,wet,savanna,NE,NA,daily,NA,NA,
47,b,92.8,60,NA,NA,NA,wet,savanna,NE,NA,daily,NA,NA,
47,b,93.74,80,NA,NA,NA,wet,savanna,NE,NA,daily,NA,NA,
47,c,78.46,-20,NA,NA,NA,wet,savanna,NE,NA,daily,NA,NA,
47,c,80.76,-5,NA,NA,NA,wet,savanna,NE,NA,daily,NA,NA,
47,c,86.93,-2,NA,NA,NA,wet,savanna,NE,NA,daily,NA,NA,
47,c,89.21,0,NA,NA,NA,wet,savanna,NE,NA,daily,NA,NA,
47,c,90.13,2,NA,NA,NA,wet,savanna,NE,NA,daily,NA,NA,
47,c,90.36,5,NA,NA,NA,wet,savanna,NE,NA,daily,NA,NA,
47,c,92.65,10,NA,NA,NA,wet,savanna,NE,NA,daily,NA,NA,
47,c,91.97,15,NA,NA,NA,wet,savanna,NE,NA,daily,NA,NA,
47,c,94.49,25,NA,NA,NA,wet,savanna,NE,NA,daily,NA,NA,
47,c,94.05,40,NA,NA,NA,wet,savanna,NE,NA,daily,NA,NA,
47,c,96.61,80,NA,NA,NA,wet,savanna,NE,NA,daily,NA,NA,
47,1,68.61,-20,NA,NA,NA,dry,savanna,NE,NA,daily,NA,NA,
47,1,68.63,-5,NA,NA,NA,dry,savanna,NE,NA,daily,NA,NA,
47,1,76.17,-2,NA,NA,NA,dry,savanna,NE,NA,daily,NA,NA,
47,1,82.79,0,NA,NA,NA,dry,savanna,NE,NA,daily,NA,NA,
47,1,84.62,2,NA,NA,NA,dry,savanna,NE,NA,daily,NA,NA,
47,1,84.85,5,NA,NA,NA,dry,savanna,NE,NA,daily,NA,NA,
47,1,84.86,10,NA,NA,NA,dry,savanna,NE,NA,daily,NA,NA,
47,1,85.09,15,NA,NA,NA,dry,savanna,NE,NA,daily,NA,NA,
47,1,86.47,25,NA,NA,NA,dry,savanna,NE,NA,daily,NA,NA,
47,1,88.09,40,NA,NA,NA,dry,savanna,NE,NA,daily,NA,NA,
47,1,89.25,60,NA,NA,NA,dry,savanna,NE,NA,daily,NA,NA,
47,1,89.96,80,NA,NA,NA,dry,savanna,NE,NA,daily,NA,NA,
47,2,71.25,-20,NA,NA,NA,dry,savanna,NE,NA,daily,NA,NA,
47,2,74.24,-5,NA,NA,NA,dry,savanna,NE,NA,daily,NA,NA,
47,2,80.63,-2,NA,NA,NA,dry,savanna,NE,NA,daily,NA,NA,
47,2,83.15,0,NA,NA,NA,dry,savanna,NE,NA,daily,NA,NA,
47,2,84.52,2,NA,NA,NA,dry,savanna,NE,NA,daily,NA,NA,
47,2,84.98,5,NA,NA,NA,dry,savanna,NE,NA,daily,NA,NA,
47,2,87.04,10,NA,NA,NA,dry,savanna,NE,NA,daily,NA,NA,
47,2,87.27,15,NA,NA,NA,dry,savanna,NE,NA,daily,NA,NA,
47,2,85.23,25,NA,NA,NA,dry,savanna,NE,NA,daily,NA,NA,
47,2,87.07,40,NA,NA,NA,dry,savanna,NE,NA,daily,NA,NA,
47,2,87.32,60,NA,NA,NA,dry,savanna,NE,NA,daily,NA,NA,
47,2,88.03,80,NA,NA,NA,dry,savanna,NE,NA,daily,NA,NA,
47,3,70.47,-20,NA,NA,NA,dry,savanna,NE,NA,daily,NA,NA,
47,3,71.4,-5,NA,NA,NA,dry,savanna,NE,NA,daily,NA,NA,
47,3,80.76,-2,NA,NA,NA,dry,savanna,NE,NA,daily,NA,NA,
47,3,82.82,0,NA,NA,NA,dry,savanna,NE,NA,daily,NA,NA,
47,3,82.82,2,NA,NA,NA,dry,savanna,NE,NA,daily,NA,NA,
47,3,83.51,5,NA,NA,NA,dry,savanna,NE,NA,daily,NA,NA,
47,3,86.94,10,NA,NA,NA,dry,savanna,NE,NA,daily,NA,NA,
47,3,86.26,15,NA,NA,NA,dry,savanna,NE,NA,daily,NA,NA,
47,3,89.24,25,NA,NA,NA,dry,savanna,NE,NA,daily,NA,NA,
47,3,88.8,40,NA,NA,NA,dry,savanna,NE,NA,daily,NA,NA,
47,3,91.13,80,NA,NA,NA,dry,savanna,NE,NA,daily,NA,NA,
1,NA,NA,0,NA,NA,-15,dry,pasture,NA,18,NA,NA,NA,compare edge to interior
1,NA,NA,500,NA,NA,0,dry,pasture,NA,18,NA,NA,NA,compare edge to interior
40,NA,75.5,0,NA,Y,NA,dry,NA,NA,NA,NA,NA,NA,
40,NA,81.95,40,NA,Y,NA,dry,NA,NA,NA,NA,NA,NA,
44,NA,NA,0,0,NA,NA,NA,field,NA,NA,NA,SD,0,comparison to edge
44,NA,NA,2,5.8,NA,NA,NA,field,NA,NA,NA,SD,4.67,comparison to edge
44,NA,NA,7,7.38,NA,NA,NA,field,NA,NA,NA,SD,4.89,comparison to edge
44,NA,NA,12,8.02,NA,NA,NA,field,NA,NA,NA,SD,5.83,comparison to edge
44,NA,NA,17,11.69,NA,NA,NA,field,NA,NA,NA,SD,6.01,comparison to edge
44,NA,NA,22,8.54,NA,NA,NA,field,NA,NA,NA,SD,3.5,comparison to edge
44,NA,NA,27,10.7,NA,NA,NA,field,NA,NA,NA,SD,5.13,comparison to edge
44,NA,NA,33,12.68,NA,NA,NA,field,NA,NA,NA,SD,6.01,comparison to edge
44,NA,NA,37,10.99,NA,NA,NA,field,NA,NA,NA,SD,7.11,comparison to edge
44,NA,NA,42,10,NA,NA,NA,field,NA,NA,NA,SD,1.46,comparison to edge
44,NA,NA,47,9.71,NA,NA,NA,field,NA,NA,NA,SD,4.49,comparison to edge
44,NA,NA,53,10.52,NA,NA,NA,field,NA,NA,NA,SD,3.56,comparison to edge
44,NA,NA,57,10,NA,NA,NA,field,NA,NA,NA,SD,0,comparison to edge
44,NA,NA,62,13.03,NA,NA,NA,field,NA,NA,NA,SD,4.2,comparison to edge
44,NA,NA,68,13.03,NA,NA,NA,field,NA,NA,NA,SD,0,comparison to edge
44,NA,NA,72,10.76,NA,NA,NA,field,NA,NA,NA,SD,5.07,comparison to edge
44,NA,NA,77,9.01,NA,NA,NA,field,NA,NA,NA,SD,0,comparison to edge
8,a,75.73,5,NA,NA,NA,NA,pine.plantation,S,NA,NA,NA,NA,
8,a,75.21,50,NA,NA,NA,NA,pine.plantation,S,NA,NA,NA,NA,
8,a,76.01,100,NA,NA,NA,NA,pine.plantation,S,NA,NA,NA,NA,
8,b,76.28,5,NA,NA,NA,NA,shrubland,N,NA,NA,NA,NA,
8,b,76.93,50,NA,NA,NA,NA,shrubland,N,NA,NA,NA,NA,
8,b,75.65,100,NA,NA,NA,NA,shrubland,N,NA,NA,NA,NA,
8,c,72.84,5,NA,NA,NA,NA,shrubland,S,NA,NA,NA,NA,
8,c,73.95,50,NA,NA,NA,NA,shrubland,S,NA,NA,NA,NA,
8,c,74.96,100,NA,NA,NA,NA,shrubland,S,NA,NA,NA,NA,
8,d,74.86,5,NA,NA,NA,NA,oak.forest,S,NA,NA,NA,NA,
8,d,73.83,50,NA,NA,NA,NA,oak.forest,S,NA,NA,NA,NA,
8,d,76.41,100,NA,NA,NA,NA,oak.forest,S,NA,NA,NA,NA,
10,NA,35.4,0,NA,NA,NA,spring,NA,NA,NA,NA,SD,7.8,
10,NA,35.7,120,NA,NA,NA,spring,NA,NA,NA,NA,SD,8.1,
12,a,44.98,-10,NA,N,NA,dry,ag.field,NA,NA,NA,SE,3.12,
12,b,46.76,-10,NA,N,NA,dry,ag.field,NA,NA,NA,SE,2.05,
12,c,45.81,-10,NA,N,NA,dry,ag.field,NA,NA,NA,SE,2.21,
12,a,54.9,0,NA,N,NA,dry,ag.field,NA,NA,NA,SE,3.56,
12,b,54.23,0,NA,N,NA,dry,ag.field,NA,NA,NA,SE,1.78,
12,c,57.31,0,NA,N,NA,dry,ag.field,NA,NA,NA,SE,2.37,
12,a,57.91,30,NA,N,NA,dry,ag.field,NA,NA,NA,SE,1.42,
12,b,62.02,30,NA,N,NA,dry,ag.field,NA,NA,NA,SE,4.03,
12,c,62.09,30,NA,N,NA,dry,ag.field,NA,NA,NA,SE,3.48,
20,NA,78.09,50,NA,NA,NA,NA,NA,NA,NA,monthly,SE,0.6,
20,NA,70.25,0,NA,NA,NA,NA,NA,NA,NA,monthly,SE,0.72,
50,NA,80.57,0,NA,NA,NA,NA,grassland,NA,NA,NA,SE,1.29,
50,NA,83.91,15,NA,NA,NA,NA,grassland,NA,NA,NA,SE,0.95,
50,NA,86.14,30,NA,NA,NA,NA,grassland,NA,NA,NA,SE,0.95,
50,NA,88.89,45,NA,NA,NA,NA,grassland,NA,NA,NA,SE,0.6,
60,a,55.44,-10,NA,NA,NA,NA,field,E,1,NA,SE,2.18,
60,b,71.93,-10,NA,NA,NA,NA,stand,S,10,NA,SE,2.66,
60,a,65.62,0,NA,NA,NA,NA,field,E,1,NA,SE,1.7,
60,b,74.84,0,NA,NA,NA,NA,stand,S,10,NA,SE,2.66,
60,a,73.14,30,NA,NA,NA,NA,field,E,1,NA,SE,1.94,
60,b,78.71,30,NA,NA,NA,NA,stand,S,10,NA,SE,2.43,
34,NA,22.83,-5,NA,NA,NA,dry,NA,NA,20,NA,SE,1.26,
34,NA,23.91,0,NA,NA,NA,dry,NA,NA,20,NA,SE,1.22,
34,NA,25.9,30,NA,NA,NA,dry,NA,NA,20,NA,SE,0.64,
62,NA,69,0,NA,NA,NA,NA,sugarcane.field,NA,NA,NA,NA,NA,
62,NA,79,40,NA,Y,NA,NA,sugarcane.field,NA,NA,NA,NA,NA,
13,NA,74.22,0,NA,N,NA,wet,sandscrub,NA,NA,NA,NA,NA,
13,NA,78.07,10,NA,N,NA,wet,sandscrub,NA,NA,NA,NA,NA,
13,NA,76.92,20,NA,N,NA,wet,sandscrub,NA,NA,NA,NA,NA,
13,NA,77.18,30,NA,N,NA,wet,sandscrub,NA,NA,NA,NA,NA,
13,NA,77.34,40,NA,N,NA,wet,sandscrub,NA,NA,NA,NA,NA,
13,NA,77.39,50,NA,N,NA,wet,sandscrub,NA,NA,NA,NA,NA,
14,NA,48.4,0,NA,Y,NA,dry,pasture,NA,NA,NA,SD,18.1,
14,NA,50.5,40,NA,Y,NA,dry,pasture,NA,NA,NA,SD,17.2,
14,NA,52.7,80,NA,N,NA,dry,pasture,NA,NA,NA,SD,16.5,
14,NA,54.4,120,NA,N,NA,dry,pasture,NA,NA,NA,SD,16.2,
14,NA,55.2,160,NA,N,NA,dry,pasture,NA,NA,NA,SD,16.3,
