Article.ID,accession number,biome,biome.1,biome.2,broad,citations,comparisons,Country,data archive<U+00A0>,data archived? Y/N,dist.btwn.pts.1,dist.btwn.pts.2,dist.btwn.pts.3,dist.btwn.pts.4,dist.btwn.pts.5,ecosystem,end.date,end.date.1,end.date.2,equip.var.1,equip.var.2,equip.var.3,equip.var.4,equip.var.5,equip.var.6,equip.var.7,field station,field station.1,field station.2,focal.area.of.research,focal.subject.of.research,habitat.1,habitat.2,habitat.3,habitat.4,habitat.5,Journal,Latitude,Latitude.1,Latitude.2,layout,Lead.Author,Longitude,Longitude.1,Longitude.2,Municipality,Municipality.1,Municipality.2,Municipality.3,points.per.replicate.hab1,points.per.replicate.hab2,points.per.replicate.hab3,region,replicates.habitat.1,replicates.habitat.2,replicates.habitat.3,replicates.habitat.4,replicates.habitat.5,reps.per.dist.1,reps.per.dist.2,reps.per.dist.3,reps.per.dist.4,reps.per.dist.5,sampling.dist.hab.1,sampling.dist.hab.2,sampling.dist.hab.3,sampling.dist.hab.4,sampling.dist.hab.5,significant differences observed (Y/N),start.date,start.date.1,start.date.2,state,state.1,state.2,statistical analysis?,statistical methods,summary of results,time.var.1,time.var.2,time.var.3,time.var.4,time.var.5,time.var.6,time.var.7,var.1,var.2,var.3,var.4,var.5,var.6,var.7,was cited before,Year
1,http://dx.doi.org/10.5061/dryad.553hc134<U+00A0><U+00A0>,amazon.rainforest,NA,NA,tropical,2,"ExI, soil.drier.at.edge",Brazil,Dryad,Y,NA,NA,NA,NA,NA,LTRF,1/1/2006,NA,NA,datalogger,datalogger,datalogger,datalogger,NA,NA,NA,BDFFP,NA,NA,plant.physiology,plant,forest.edge,forest.interior,NA,NA,NA,AJB,2<U+00B0>30<U+0092>S,NA,NA,fixed.point,Bruna,60<U+00B0> W,NA,NA,Manaus,NA,NA,NA,NA,NA,NA,NA,1,1,NA,NA,NA,1,1,NA,NA,Manaus,point,point,NA,NA,NA,NA,2/1/2004,NA,NA,Amazonas,NA,NA,NA,NA,"edges.2.4<U+00B0>C.degrees.hotter.than.interior, edges.drier.than.interior",every.30.min,every.30.min,every.30.min,every.30.min,NA,NA,NA,AT,RH,SM,PPFD,NA,NA,NA,None,2011
2,http://journals.plos.org/plosone/article?id=10.1371/journal.pone.0058093,atlantic.forest,NA,NA,tropical,30,"Temp.Past.Xtemp.fragment(buffering), temp.height.Strata.within.fragments, Edge.effect",Brazil,Plos.one,Y,variable,variable,NA,NA,NA,Fragments.of.secondary.forest,8/31/2010,NA,NA,datalogger,datalogger,datalogger,NA,NA,NA,NA,Private.land,NA,NA,ecophysiology,abiotic,pasture,Fragment,NA,NA,NA,Plos.one,23<U+00B0>50<U+0092> S,NA,NA,perpendicular,Ewers,47<U+00B0>20<U+0092> W,NA,NA,NA,NA,NA,NA,NA,NA,NA,NA,2,8,NA,NA,NA,4,4,NA,NA,Manaus,transect,transect,NA,NA,NA,Y,9/1/2009,NA,NA,NA,NA,NA,ANCOVA,paired t-tests,"temperature.bellow.ground.more.stable.inside.the.forest, buffering.effect.reduced.near.the.forest.edge, buffering.effect.larger.in.summer, BE.stronger.below.ground.than.one.metre.above.ground, Edge.effect.extending.up.to.20m.inside.the.forest",3,3,3,NA,NA,NA,NA,ST,SFT,AT,NA,NA,NA,NA,Y,2013
3,NA,atlantic.forest,NA,NA,tropical,13,NA,Brazil,NA,N,random,NA,NA,NA,NA,Lowland.forest,4/30/2006,NA,NA,Nikon.Coolpix.990,thermohygrometer,thermohygrometer,NA,NA,NA,NA,Private.land,NA,NA,ecophysiology,abiotic,forest.fragment,NA,NA,NA,NA,TCS,8<U+00B0>30<U+0092>S,NA,NA,random.points,Pinto,35<U+00B0>50<U+0092>W,NA,NA,Usina.Serra.Grande,NA,NA,NA,NA,NA,NA,NA,10,NA,NA,NA,NA,10.to.39,NA,NA,NA,Manaus,random.points,NA,NA,NA,NA,Y,10/1/2005,NA,NA,Alagoas,NA,NA,Y,"ANOVA, GLMM","Microclimate.strongly.differed.from.open.matrix, Average.deviation.of.10%.in.AT.RH.VPD, Fragment.MCconditions.are.highly.variable.and.spatially.complex, EE.greatly.affected.by.matrix, larger.fragments.and.more.connected.deviated.less.from.matrix, microclimate.condition.are.spatially.complex",NA,once.per.day,NA,once.per.day,NA,NA,NA,LI,AT,RH,VPD,NA,NA,NA,Y,2010
4,NA,tropical.rainforest,NA,NA,tropical,5,"Effects.of.a.road.on.the.microclimate.within.an.adjacent;old.growth.forest, how.tree.transpiration.rates.differ.with.distance.to.the.road, if.there.are.variations.in.the.intensity.of.edge.effects.between.the.dry.and.wet.seasons",Brazil,N,N,NA,NA,NA,NA,NA,tropical.lowland.forest,12/1/2013,NA,NA,thermohygrometer,thermohygrometer,weather.station,quantum.sensor,NA,NA,NA,Brazilian.National.Institute.for.Research.in.the.Amazon,NA,NA,ecophysiology,plant,forest.edge,NA,NA,NA,NA,AFM,"02<U+00B0>38<U+0092>22.54""S",NA,NA,parallel,Kunert,"60<U+00B0>09<U+0092>51.34""W",NA,NA,Manaus,NA,NA,NA,NA,NA,NA,NA,1,NA,NA,NA,NA,5,NA,NA,NA,Manaus,plot,NA,NA,NA,NA,N,2/1/2013,NA,NA,Amazonas,NA,NA,Y,paired.student's.t.test,"There.are.significant.EE.on.RH.but.AT.wasnt.affected, Small.temperature.variation, effect.in.RH.extended.100m.into.the.forest, Roads.form.strong.contrasting.edges., NA",half.hourly.intervals,half.hourly.intervals,half.hourly.intervals,NA,NA,NA,NA,AT,RH,PT,PPFD,VPD,NA,NA,Y,2015
5,NA,atlantic.forest,NA,NA,tropical,0,diversity.of.orchids.EdgeXdiversity.of.orchids.interior,Brazil,N,N,random,random,NA,NA,NA,Semi.deciduous.seasonal.forest,2/28/2010,NA,NA,thermohygrometer,thermohygrometer,lux.meter,NA,NA,NA,NA,Nova.Santa.Cruz.farm,NA,NA,community.ecology,plant,forest.edge,forest.interior,NA,NA,NA,ISB,"22<U+00B0>16<U+0092>3.68""S",NA,NA,random.points,Moraes,47<U+00B0>19<U+0092>22.29''W,NA,NA,Araras,NA,NA,NA,NA,NA,NA,NA,20,20,NA,NA,NA,5,5,NA,NA,Manaus,random,random,NA,NA,NA,N,2/1/2010,NA,NA,Sao.Paulo,NA,NA,NA,NA,"Edge.has.more.species.of.orchids.more.luminosity, Although.the.study.area.has.fewer.orchid.species.than.other.fragments, EE.changes.the.abundance.of.species, availability.of.light.is.the.most.influent.factor.for.orchids.abundance, diversity.of.orchids.is.lower.at.the.fragment.interior",NA,NA,NA,NA,NA,NA,NA,AT,RH,LIT,NA,NA,NA,NA,N,2015
6,N,NA,NA,NA,tropical,0,"MicroclimateXCharacteristics.of.the.open.area.habitat, MicroclimateXCharacteristics.of.the.shrub.habitat, Correlation.of.Birds.with.microclimate.and.the.open.area.habitat, Correlation.of.Birds.with.microclimate.and.shrub.habitat",Malaysia,N,N,NA,NA,NA,NA,NA,NA,NA,NA,NA,Psychrometer,Psychrometer,lux.meter,NA,NA,NA,NA,NA,NA,NA,community.ecology,bird,shrub.area,open.area,NA,NA,NA,JAP,2<U+00B0>50<U+0092>.to.3<U+00B0>00<U+0092>,NA,NA,random.point,Rajpar,101<U+00B0>10<U+0092>.to.101<U+00B0>50<U+0092>,NA,NA,NA,NA,NA,NA,NA,NA,NA,NA,NA,NA,NA,NA,NA,NA,NA,NA,NA,Manaus,NA,NA,NA,NA,NA,Y,NA,NA,NA,NA,NA,NA,Y,"CCA, RDA","birds.species.in.the.open.area.were.strongly.associated.with.the.microclimatic.factor, birds.distribution.was.influenced.by.temp.RH.and.LI",NA,NA,NA,NA,NA,NA,NA,AT,RH,LI,NA,NA,NA,NA,N,2015
7,NA,atlantic.forest,NA,NA,tropical,0,MicroclimexThermal.comfort,Brazil,NA,N,NA,NA,NA,NA,NA,araucaria.moist.forest,6/30/2012,NA,NA,TGD-400,TGD-400,TGD-400,TGD-400,NA,NA,NA,CampusIII.UFPR.,NA,NA,ecophysiology,abiotic,Frag.UF,area.with.lawn,parking.lot,within.a.pine.grove,NA,FEA,25<U+00B0>27<U+0092>12'' S,NA,NA,fixed.point,Martini,49<U+00B0> 14<U+0092> 24'' W,NA,NA,Curitiba,NA,NA,NA,NA,NA,NA,NA,1,1,1,1,NA,1,1,1,1,Manaus,point,point,point,point,NA,Y,9/1/2011,NA,NA,Parana,NA,NA,Y,test.SNK,"Urban.forest.fragment.statistically.different.from.the.other.environments, Frag.Uf.showed.Higher.values.of.AT, Frag.Uf.showed.lower.values.of.RU, Pine.grove.stable.microclimate.conditions, Both.Forest.and.Pine.Grove.more.thermally.comfortable.microclimates",2hours.per.day,2hours.per.day,2hours.per.day,2hours.per.day,NA,NA,NA,AT,RH,WS,NA,NA,NA,NA,N,2015
8,NA,temperate.broadleaf.forest,NA,NA,temperate,2,"Understand.response.of.epiphytic.communitites.to.fores.edge, EE.evaluated.on.different.aspects.on.the.same.matrix, possible.implications.of.the.nature.of.the.matrix",Spain,N,N,variable,variable,variable,NA,NA,beech.forest,11/30/2011,NA,NA,datalogger,datalogger,NA,NA,NA,NA,NA,Sistema.Central.Range.in.Spain,NA,NA,community.ecology,plant,Pine.plantation,Semi.deciduous.oak.forest,shrubland,NA,NA,EJF,41<U+00B0> 15<U+0092>N,NA,NA,multiple.perpendicular,Aragon,3<U+00B0> 23<U+0092>W,NA,NA,NA,NA,NA,NA,NA,NA,NA,NA,1,1,1,NA,NA,3,3,3,NA,Manaus,transect,transect,transect,NA,NA,N,10/1/2009,NA,NA,NA,NA,NA,N,NA,"replacement.of.FI.spp.with.generalist.light-demanding.spp.at.FE, Shrubs-bordered.edges.showeed.the.strongst.influence.on.epiphytic.composition, high.spp.dissimilarity.btw.FE.and.FI, EE.mitigated.when.patch.surrounded.by.other.forests, dissimilarity.of.spp.composition.btw.Edgeinterior.higher.in.the.south, EE.is.modulated.by.the.physiognomy.of.the.surrounding.matrix.and.orientation.of.the.forest",once.per.hour,once.per.hour,NA,NA,NA,NA,NA,AT,RH,NA,NA,NA,NA,NA,Y,2015
9,NA,atlantic forest,NA,NA,tropical,3,Annual.variation.in.the.understory.microclimate,Brazil,NA,N,NA,NA,NA,NA,NA,NA,6/30/2006,NA,NA,datalogger,datalogger,Landsberg.equation,NA,NA,NA,NA,RST,NA,NA,ecophysiology,abiotic,mature.forest,agroforestry,open.area,NA,NA,CF,15<U+00B0>12<U+0092>S,NA,NA,fixed.plot,Pinheiro,39<U+00B0>29<U+0092>W,NA,NA,NA,NA,NA,NA,NA,NA,NA,NA,2,1,1,NA,NA,NA,NA,NA,NA,Manaus,transect,transect,NA,NA,NA,N,4/1/2005,NA,NA,Bahia,NA,NA,Y,NA,"Temp.always.lower.inside.the.mature.forest(RST), Temp.higher.inside.cabruca.and.open.area, Changes.in.climatic.variables.are.in.accordance.with.floristic.composition.along.the.altitude.gradient, values.of.TA.and.VPD.in.CB.closest.to.values.measured.in.OA.than.to.values.inside.forest",30min,30min,NA,NA,NA,NA,NA,AT,RH,VPD,NA,NA,NA,NA,Y,2013
10,NA,temperate.deciduous.forest,NA,NA,temperate,5,EE.and.its.effect.on.species.richness.and.composition.of.epiphytic.lichen.community.colinizing.tree.trunk,Italy,NA,N,variable,NA,NA,NA,NA,fragmented.deciduous.forest,4/22/2005,NA,NA,datalogger,datalogger,datalogger,NA,NA,NA,NA,Bandite.di.follonica.nature.reserve,NA,NA,community.ecology,plant,Forest.margin,NA,NA,NA,NA,NH,NA,NA,NA,random,Brunialti,NA,NA,NA,NA,NA,NA,NA,NA,NA,NA,Tuscany,3,NA,NA,NA,NA,18,NA,NA,NA,Manaus,plot,NA,NA,NA,NA,NA,4/21/2005,NA,NA,NA,NA,NA,Y,Sign.test,"Oak.forest.patches.andepiphytic.lichen.diversity.are.influenced;by.microclimatic.variables.and.EE, Light.rather.than.RH.and.AT.is.the.main.driving.factor.afecting.lichen.diversity.at.the.edge, RH.is.theprevailing.factor.inside.the.forest, Fragmentation.has.a.impact.inepiphytic.lichens.diversity",replicated.3.times,replicated.3.times,replicated.3.times,NA,NA,NA,NA,AT,RH,PAR,NA,NA,NA,NA,Y,2012
11,NA,semideciduous.tropical.forest,NA,NA,tropical,3,Comparison.between.two.different.forest.formations,Brazil,NA,N,NA,NA,NA,NA,NA,araucaria.forest,3/14/2008,NA,NA,datalogger,datalogger,NA,NA,NA,NA,NA,Ecological.park.of.klabin,NA,NA,ecophysiology,abiotic,Fragment.of.secondary.forest,abandoned.area.of.eucalyptus.reforestation,NA,NA,NA,CBS,24<U+00B0>17<U+0092>S,NA,NA,perpendicular,Silva,50<U+00B0>35<U+0092>W,NA,NA,Tel<ea>maco.Borba,NA,NA,NA,NA,NA,NA,NA,4,4,NA,NA,NA,NA,NA,NA,NA,Manaus,transect,transect,NA,NA,NA,N,3/10/2008,NA,NA,PR,NA,NA,N,NA,"forest.structure.is.not.different.between.the.areas, the.results.for.humidity.and.temperature.did.not.follow.the.normal.patterns",1.measurement.per.hour,1.measurement.per.hour,NA,NA,NA,NA,NA,AT,RH,NA,NA,NA,NA,NA,Y,2010
12,NA,cerrado,NA,NA,tropical,11,test.EE.influence.in.vegetation.and.population.parameters.in.Cerrad<e3>o,Brazil,N,N,NA,NA,NA,NA,NA,cerrado,NA,NA,NA,Termo.Higrometro.Digital.MINIPA,Termo.Higrometro.Digital.MINIPA,termometro.com.coluna.de.mercurio,NA,NA,NA,NA,NA,NA,NA,ecophysiology,plant,fragment.edge,fragment.interior,matrix,NA,NA,ABB,16<U+00B0>45<U+0092>S,NA,NA,random.point,Ribeiro,52<U+00B0>23<U+0092>W,NA,NA,NA,NA,NA,NA,NA,NA,NA,NA,3,3,3,NA,NA,10,10,10,NA,Manaus,random,random,random,NA,NA,N,NA,NA,NA,Goi<e1>s,NA,NA,Y,t.bi.caudal,"Strong.influence.of.edge.effects.on.all.parameters, Microclimate.paramaters.were.all.different.btw.interior.and.edge.habitats, fragmentation.modifies.vegetation.structure.and.composition.plant.population.dynamics.and.spatial.structure",different.measurements.btw.8am.5pm,different.measurements.btw.8am.5pm,different.measurements.btw.8am.5pm,NA,NA,NA,NA,AT,RH,ST,NA,NA,NA,NA,Y,2008
13,NA,tropical.rainforest,NA,NA,tropical,60,"edge.effects.decrease.further.into.fragment, seasonal.variation.in.edge.effects, edge.alters.dist.of.herps, abiotic.variables.alters.dist.of.herps",Madagascar,NA,N,10m,NA,NA,NA,NA,littoral.rainforest,2/17/2002,NA,NA,weather.meter,weather.meter,weather.meter,weather.meter,NA,NA,NA,NA,NA,NA,community.ecology,herp,fragment.edge,NA,NA,NA,NA,BAC,24<U+00B0>57<U+0092>S-24<U+00B0>46<U+0092>S,NA,NA,perpendicular,Lehtinen,47<U+00B0>02<U+0092>E-47<U+00B0>10<U+0092>E,NA,NA,NA,Mandena,Sainte.Luce,NA,NA,NA,NA,NA,1,NA,NA,NA,NA,5,NA,NA,NA,Manaus,transect,NA,NA,NA,NA,Y,3/1/2002,NA,NA,NA,NA,NA,Y,"ANOVA, Bonferroni.post-hoc.comparison, NA","AT.DT.decreased.further.into.fragment, lower.RH.higher.WS.near.edge.but.not.or.barely.significant, NA, NA",every.90s,every.90s,every.90s,every.90s,NA,NA,NA,AT,RH,DT,WS,NA,NA,NA,Y,2003
14,NA,atlantic.forest,NA,NA,tropical,79,Small.mammal.diversity.in.relation.to.distance.from.the.forest.edge.in.two.fragments.of.atlantic.forest,Brazil,N,N,20m,20m,NA,NA,NA,tracts.of.atlantic.Forest,NA,NA,NA,Protimeter.digital.Hygrometer,Protimeter.digital.Hygrometer,Taylor.digital.thermometer,NA,NA,NA,NA,NA,NA,NA,community.ecology,mammal,forest.fragment.surrounded.by.public.road.and.farmland,forest.fragment.surrounded.by.pasture,NA,NA,NA,BC,11<U+00B0>15<U+0092>S,NA,NA,perpendicular,Stevens,37<U+00B0>25<U+0092>W,NA,NA,Estancia,NA,NA,NA,NA,NA,NA,NA,6,6,NA,NA,NA,10,5,NA,NA,Manaus,transect,transect,NA,NA,NA,N,NA,NA,NA,Sergipe,NA,NA,NA,NA,"RH.increase.significantly.inside.the.forest, AT.decrease.significantly.inside.the.forest, both.number.of.species.and.diversity.increase.inside.the.forest",one.per.day,one.per.day,one.per.day,NA,NA,NA,NA,AT,RH,ST,NA,NA,NA,NA,Y,1997
15,NA,eastern.deciduous.forest,NA,NA,temperate,389,"How.edge.zone.width.varies.among.stands, NA, NA",United.States,N,N,5m.or.10m,NA,NA,NA,NA,oak.chestnut.forest,7/2/1989,NA,NA,mercury.thermometers,electronic.hygrometer,mounted.cylinders,photochemical.meters,NA,NA,NA,NA,NA,NA,ecophysiology,abiotic,mature.regrowth.forest,NA,NA,NA,NA,BC,39<U+00B0>45<U+0092>-40<U+00B0>02<U+0092>N,NA,NA,grid,Matlack,75<U+00B0>20<U+0092>-75<U+00B0>37<U+0092>W,NA,NA,NA,NA,NA,NA,NA,NA,NA,NA,1,NA,NA,NA,NA,10,NA,NA,NA,Manaus,grid,NA,NA,NA,NA,Y,7/1/1989,NA,NA,Delaware.Pennsylvania,NA,NA,Y,regressions,"Up.to.50m.from.edge.significant.effects.were.detected.in.light.temperature.litter.moisture.VPD.humidity, all.sites.were.darker.cooler.received.less.rainfall.and.lower.VPD.than.adjacent.areas, correlation.was.observed.among.microclimate.variables, Local.radiation.produced.edge.oriented.gradients.at.all.sites, NA",noon.solar.time.on.clear.days,noon.solar.time.on.clear.days,noon.solar.time.on.clear.days,8.to.10.days,noon.solar.time.on.clear.days,NA,NA,AT,RH,TP,PFD,VPD,NA,NA,Y,1992
16,NA,atlantic.forest,NA,NA,tropical,10,"Microclimatic.conditions.EdgeXInterior, Forest.strcture.edgeXInterior, effects.in.vegetation.structure.caused.by.changes.in.microclimate.conditions",Brazil,N,N,NA,NA,NA,NA,NA,Fragments.of.lowland.ombrophilous.dense.forest,NA,NA,NA,Kestrel.weather.and.Environmental.meters.model4500,Kestrel.weather.and.Environmental.meters.model4500,Kestrel.weather.and.Environmental.meters.model4500,NA,NA,NA,NA,NA,NA,NA,ecophysiology,plant,forest.edge,forest.interior,NA,NA,NA,BDC,"19<U+00B0>06<U+0092>08""S",NA,NA,random.plot,Magnago,"40<U+00B0>02<U+0092>02""W",NA,NA,Biological.Reserve.of.Sooretama,NA,NA,NA,NA,NA,NA,NA,30,30,NA,NA,NA,NA,NA,NA,NA,Manaus,plot,plot,NA,NA,NA,Y,NA,NA,NA,ES,NA,NA,Y,"t-test.base.on.permutations, GLM","All.microclimatic.variables.differ.significantly.btw.Edge.and.interior, Vegetation.structure.is.strongly.related.to.microclimate.conditions, Closer.to.edge.more.dead.trees, Edge.more.suceptible.to.strong.winds.lower.humidity.higher.AT.than.interior, NA",15.min.period-1.5.m.above.ground,15.min.period-1.5.m.above.ground,15.min.period-1.5.m.above.ground,NA,NA,NA,NA,AT,WS,RH,NA,NA,NA,NA,Y,2015
17,NA,high.andean.forest,NA,NA,tropical,2,"interactions.btw.facilitation.and.EE.on.vegetation.regeneration, influence.of.distance.from.border.in.the.community.structure, NA",Venezuela,N,N,NA,NA,NA,NA,NA,mosaic.landscape.in.different.successional.stages,7/1/2013,NA,NA,HOBO.onset.Tidbit.v.2,NA,NA,NA,NA,NA,NA,SNNP,NA,NA,ecophysiology,plant,Fallow.field,NA,NA,NA,NA,AVS,8<U+00B0>35<U+0092>N-8<U+00B0>45<U+0092> N,NA,NA,NA,Bueno,70<U+00B0>52<U+0092>-70<U+00B0>57<U+0092>W,NA,NA,Merida,NA,NA,NA,NA,NA,NA,NA,2,NA,NA,NA,NA,NA,NA,NA,NA,Manaus,NA,NA,NA,NA,NA,Y,5/1/2013,NA,NA,NA,NA,NA,Y,Permanova.plus.for.primer6point0,"Average.temperature.and.maxima.were.lowest.under.the.canopy.close.to.border.and.highest.in.open.space, Thermal.amplitude.was.lowest.under.canopy.and.near.border.and.highest.in.open.space, Site1.there.was.no.significant.different.btw.near.and.far.from.the.border, Site2.cover.was.significantly.higher.near.to.border.compared.to.far.from.the.border, No.significant.difference.in.litter.cover",every.15.min.during.1.month,NA,NA,NA,NA,NA,NA,ST,NA,NA,NA,NA,NA,NA,Y,2015
18,NA,southern.beech.forest,NA,NA,temperate,4,"Contrast.edge.microclimate.gradients.among.different.vertical.strata, NA, NA",New.Zealand,NA,N,variable,NA,NA,NA,NA,temperate.rainforest,3/1/2003,NA,NA,datalogger,datalogger,datalogger,Tetens.Equation,NA,NA,NA,Glynn.Wye.high.country.station,NA,NA,ecophysiology,abiotic,Fragment,open.area,NA,NA,NA,PS,NA,NA,NA,perpendicular,Didham,NA,NA,NA,Hurunui.district,NA,NA,NA,NA,1,NA,NA,1,1,NA,NA,NA,NA,NA,NA,NA,Manaus,transect,NA,NA,NA,NA,Y,2/28/2003,NA,NA,NA,NA,NA,Y,GLMMs,"At.increased.significantly.at.ground.level.relative.to.the.control, The.reverse.occurred.in.the.upper.canopy, VPD.ground.level.twice.as.high.in.the.FI.as.at.the.FE.the.reverse.was.true.for.upper.forest, Edge.responses.were.higly.nonlinear, NA",NA,NA,NA,NA,NA,NA,NA,PFD,AT,RH,VPD,NA,NA,NA,Y,2014
19,NA,temperate.deciduous.forest,NA,NA,temperate,9,"Role.of.forest.regrowth.in.mitigating.theinitial.EE.on.microclimate.and.understory.vegetation, Comparison.of.biotic.and.abiotic.features.at.different.distances.from.forest.edge, NA",United.States,NA,N,variable,NA,NA,NA,NA,Hemlock.white.pine.northern.hardwoods,NA,NA,NA,datalogger,Hydrosense.Soil.Water.measurement.system,NA,NA,NA,NA,NA,HWF,NA,NA,ecophysiology,abiotic,FE,NA,NA,NA,NA,NF,43<U+00B0>59'N,NA,NA,perpendicular,Dovciak,74<U+00B0>14'W,NA,NA,Syracuse,NA,NA,NA,9,NA,NA,NA,12,NA,NA,NA,NA,NA,NA,NA,NA,Manaus,transect,NA,NA,NA,NA,Y,NA,NA,NA,NY,NA,NA,Y,ANOVA,"EEgrad.more.pronounced.in.new.clearcuts.than.in.forest.adjacent, No.EE.on.shade-tolerant.vegetation, shade.tolerant.vegetation.declined.in.mature.forest.near.old.forest.edges.adjacent.to.dense.young.forest, Canopy.opennes.correlated.to.microclimatic.gradients, NA",1.month.period,6times.during.the.field.season,NA,NA,NA,NA,NA,AT,SM,NA,NA,NA,NA,NA,Y,2014
20,NA,tropical.pine-oak.forest,NA,NA,tropical,3,"Effects.of.microclimate.on.seedling.survival, NA, NA",Mexico,NA,N,30m,30m,30m,NA,NA,Oak.forest,6/7/2009,NA,NA,datalogger,datalogger,datalogger,NA,NA,NA,NA,NA,NA,NA,plant.physiology,plant,Forest,plantation,Edge,NA,NA,FEM,19<U+00B0>01<U+0092>N,NA,NA,perpendicular,Badano,98<U+00B0>20<U+0092>W,NA,NA,Amozoc.de.Mota,NA,NA,NA,3,3,3,NA,1,1,1,NA,NA,NA,NA,NA,NA,Manaus,line.transects,line.transects,line.transects,NA,NA,Y,6/6/2009,NA,NA,Puebla,NA,NA,Y,ANOVA,"climatic.variables.differed.among.habitat.types, effects.of.time.and.its.interaction.with.habitats.types.were.found, Average.and.max.AT.higher.at.plantation.than.the.oak.forest, RH.higher.within.forest.than.at.the.edge.and.eucalyptus.plantation, RH.also.higher.at.the.edge.than.the.eucalyptus.from.July.to.January.but.no.differences.were.found.after.February, PPPD.values.higher.in.eucalyptus.than.at.the.other.habitats",during.daytime,during.daytime,during.daytime,NA,NA,NA,NA,AT,RH,PPFD,NA,NA,NA,NA,Y,2015
21,NA,amazon.rainforest,NA,NA,tropical,140,"Edge.related.gradientes.of.env.factors.that.affect.evapotranspiration.in.forest.fragments.and.on.plant.responses, NA, NA",Brazil,NA,N,NA,NA,NA,NA,NA,forest.fragment,NA,NA,NA,manual.whirling.hygrometers,destructive.gravimetric.samples,automatic.ventilated.psychrometers,NA,NA,NA,NA,Dimona.Ranch,NA,NA,ecophysiology,abiotic,fragment.edge,fragment.interior,NA,NA,NA,TFR,NA,NA,NA,multiple.perpendicular,Kapos,NA,NA,NA,Manaus,NA,NA,NA,NA,NA,NA,NA,1,1,NA,NA,NA,NA,NA,NA,NA,Manaus,transect,transect,NA,NA,NA,N,NA,NA,NA,AM,NA,NA,NA,N,"Modification.in.env.conditions.become.more.complex.as.the.edge.ages, Frequency.of.gaps.near.edges.tend.to.contribute.to.atmospheric.mixing.and.turbulence, Longer.term.data.on.EE.are.essential.to.understanding.the.true.mechanisms.underlying.them, Patterns.and.plant.responses.are.strongly.influenced.by.the.high.frequency.of.gaps.near.edges, Mgmt.decisions.based.on.EE.on.particular.species.shoud.incorporate.an.understanding.of.the.mechanisms.behind.those.effects",NA,NA,NA,NA,NA,NA,NA,VPD,SM,AT,NA,NA,NA,NA,Y,1997
22,NA,moist.broadleaf.forest,NA,NA,tropical,61,"Quantify.microclimatic.gradientes.along.edge.to.interior.transects.under.dry.and.wet.conditions, compare.distances.towhich.EE.penetrate.into.the.remnant.among.edges, determine.whether.seedling.densities.vary.with.distance.from.edge.and.edge.aspect",Australia,N,N,10m,NA,NA,NA,NA,lowland.rainforest,NA,1/18/1995,2/14/1995,digital.probes,Aspirated.hygrometer,Aspirated.hygrometer,NA,NA,NA,NA,NA,NA,NA,ecophysiology,abiotic,Fragment,outside.the.remnant,NA,NA,NA,TFR,17<U+00B0>22<U+0092>S,NA,NA,mixed.orientation,Turton,145<U+00B0>35<U+0092>E,NA,NA,Atherton.Tableland,NA,NA,NA,NA,NA,NA,NA,1,1,NA,NA,NA,9,1,NA,NA,Manaus,transects,transects,NA,NA,NA,Y,NA,1/11/1995,2/7/1995,NA,NA,NA,Y,ANOVA,"ST>near.the.edge.but.tended.to.stabilize.within.30m.of.the.edge, Surface.temp.was.warmer.under.wet.than.under.dry.conditions, ambiente.temp.at.20cm.were.similar.under.dry.and.wet.conditions, VPD.at.20cm.was.significantly.higher.under.dry.conditions, but.VPD.increased.toward.the.edge.under.both.dry.and.wet.conditions",twice.daily.for.eight.consecutive.days,twice.daily.for.eight.consecutive.days,twice.daily.for.eight.consecutive.days,NA,NA,NA,NA,ST,AT,VPD,NA,NA,NA,NA,Y,1997
23,NA,tasmania.temperate.forests,NA,NA,temperate,11,"Whether.microclimate.within.a.regenerating.forest.changes.with.increasing.distance.from.a.mature.forest.edge, whether.the.manitude.of.microclimatic.change.varies.over.diurnal.seasonal and successional.time.scales, NA",Australia,N,N,variable,variable,NA,NA,NA,mature.forest,NA,NA,NA,HOBO.U23.pro.V2,HOBO.U23.pro.V3,T.and.Rh,calculated.from.automatic.weather.station.data,NA,NA,NA,NA,NA,NA,ecophysiology,abiotic,Mature.forest.adjacent.to.forest.renegerating,regenerating.forest,NA,NA,NA,FEM,NA,NA,NA,transect,Baker,NA,NA,NA,NA,NA,NA,NA,7,NA,NA,NA,15,15,NA,NA,NA,NA,NA,NA,NA,Manaus,transect,transect,NA,NA,NA,Y,NA,NA,NA,Tasmania,NA,NA,Y,ANOVA,"Microclimate.of.regenerating.forests.is.affected.by.the.distance.to.a.standing.mature.forest, T.RH.VPD.were influenced.by.nearby.mature.forest, Influence.of.forest.changes.over.diurnal.seasonal.and.successional.time.scales, NA, NA",every.30.min,every.30.min,NA,NA,NA,NA,NA,AT,RH,VPD,WS,NA,NA,NA,Y,2014
24,NA,tropical.dry.forest,NA,NA,tropical,0,"Effects.of.edge.on.fragment.microclimate, Canopy.cover.changes.on.edge.gradient, Microclimate.influence.on.tree.species.and.dominance",Brazil,NA,N,variable,NA,NA,NA,NA,deciduous.seasonal.forest,NA,NA,NA,NA,NA,NA,NA,NA,NA,NA,NA,NA,NA,ecophysiology,abiotic,forest.fragment,NA,NA,NA,NA,BJB,16<U+00B0>34<U+0092>S,NA,NA,multiple.perpendicular,Arruda,43<U+00B0>46<U+0092>W,NA,NA,Montes.Claros,NA,NA,NA,NA,NA,NA,NA,1,NA,NA,NA,NA,7,NA,NA,NA,Manaus,transect,NA,NA,NA,NA,N,NA,NA,NA,Minas.Gerais,NA,NA,Y,generalized.linear.models,"Homogeneity.of.microclimate.due.to.canopy.pattern, NA",12.measurements.in.September,12.measurements.in.September,12.measurements.in.September,NA,NA,NA,NA,AT,ST,RH,NA,NA,NA,NA,N,2016
25,NA,atlantic.forest,NA,NA,tropical,13,"Microclimate.variables.could.be.used.to.evaluate.differences.within.forest.fragments, Verify.the.presence.of.a.core.area.as.a.guide.to.the.management.proposals.for.small.forest.fragments, NA",Brazil,NA,N,NA,NA,NA,NA,NA,Atlantic.forest,NA,NA,NA,NA,thermohygrometer,thermohygrometer,soil.thermometer,digital.anemometer,NA,NA,National.biological.reserve.of.po<e7>os.das.antas,NA,NA,ecophysiology,abiotic,Matrix.formed.by.grasses,NA,NA,NA,NA,ETR,22<U+00B0>30'S-22<U+00B0>33'S,NA,NA,mixed.orientation,Siqueira,42<U+00B0>15'W-42<U+00B0>19'W,NA,NA,Silva.Jardim,NA,NA,NA,variable,NA,NA,NA,3,NA,NA,NA,NA,NA,NA,NA,NA,Manaus,transects,NA,NA,NA,NA,Y,NA,NA,NA,Rio.de.Janeiro,NA,NA,Y,ANOVA,"Overall.fragments.are.all.different, SH.AH.were.higher.in.the.largest.fragments.and.lower.in.the.medium.sized.fragment, ST.AT.were.lower.in.the.largest.and.higher.in.the.medium.sized.fragment, There.are.microclimate.differences.btw.outer.and.inner.parts.of.fragments, Even.for.fragments.of.reduced.size.there.is.a.core.are.where.microclimate.is.less.severe.and.much.more.uniform.than.at.the.edges",from.10.to.2pm.along.transects,from.10.to.2pm.along.transects,NA,from.10.to.2pm.along.transects,NA,NA,NA,SM,H,AT,ST,WS,NA,NA,Y,2004
26,NA,temperate.rainforest,NA,NA,temperate,5,"Microclimate.of.fragments.similar.as.intact.forest, Temporal.changes.in.microclimate, NA",Australia,NA,N,25m,10m,NA,NA,NA,temperate.rainforest,7/1/2014,NA,NA,datalogger,datalogger,NA,NA,NA,NA,NA,NA,NA,NA,ecophysiology,abiotic,mature.forest,regenerating.forest,NA,NA,NA,FEM,42.58<U+00B0>S,NA,NA,perpendicular,Baker,"146<U+00B0>34<U+0092>48""E",NA,NA,NA,NA,NA,NA,NA,NA,NA,NA,6,6,NA,NA,NA,3,7,NA,NA,Manaus,transect,transect,NA,NA,NA,N,7/1/2013,NA,NA,Tasmania,NA,NA,Y,"ANOVA, generalized.additive.model","Microclimate.of.fragments.similar.to.intact.forest.but.predawn.humidity.higher.in.fragments, Edge.type.did.not.impact.avg.daily.magnitude.of.forest.influence",every.30.min,every.30.min,NA,NA,NA,NA,NA,AT,RH,NA,NA,NA,NA,NA,Y,2016
27,NA,tropical.forest,NA,NA,tropical,11,"correlations, correlations, NA",Mexico,NA,N,10m,50m,variable,NA,NA,tropical.montane.cloud.forest,8/1/2008,NA,NA,thermohydrometer,thermohydrometer,NA,NA,NA,NA,NA,El.Molote,NA,NA,population.ecology,herp,forest.edge,forest.interior,plantation,NA,NA,RMB,"17<U+00B0>24<U+0092>50""N.to.17<U+00B0>27<U+0092>30""N",NA,NA,multiple.perpendicular,Santos-Barrera,"100<U+00B0>09<U+0092>40""W.to.100<U+00B0>12<U+0092>20""W",NA,NA,Atoyac.de.Alvarez,NA,NA,NA,NA,NA,NA,NA,8,8,8,NA,NA,3,3,3,NA,Manaus,transect,transect,transect,NA,NA,Y,5/1/2007,NA,NA,Guerreo,NA,NA,Y,"Pearson.correlation.coefficient, NA","Forest.interior.provides.higher.RH.and.canopy.cover, NA",2.periods.in.dry.and.wet.seasons,2.periods.in.dry.and.wet.seasons,NA,NA,NA,NA,NA,AT,RH,NA,NA,NA,NA,NA,Y,2011
28,NA,temperate.broadleaf.forest,NA,NA,temperate,2,"effect.of.contrasting.habitat.types.on.beetle.assemblages, NA, NA",Croatia,NA,N,15m,15m,15m,NA,NA,Dinaric.beech-fir.forest,NA,NA,NA,FieldScout.TDR.100/200.soil.moisture.meter,P300.Dostmann.electronic.thermometer,WinScanopy.Pro.software,NA,NA,NA,NA,NA,NA,NA,community.ecology,insect,forest.edge,forest.interior,meadow,NA,NA,EJE,"45<U+00B0>20<U+00B4>45""N",NA,NA,parallel,Brigic,"14<U+00B0>59<U+00B4>16""E",NA,NA,Ravna.Gora,NA,NA,NA,NA,NA,NA,NA,2,2,2,NA,NA,9,9,9,NA,Manaus,transect,transect,transect,NA,NA,Y,NA,NA,NA,Gorski.Kotar,NA,NA,Y,"Monte.Carlo.test, Nonmetric.multidimensional.scaling","soil.temp.higher.in.meadow.than.edge.or.interior, soil.humidity.lower.in.interior.and.edge, light.intensity.higher.in.meadow, edge.and.interior.environments.not.significantly.different",NA,NA,3.to.5.photographs,NA,NA,NA,NA,SM,ST,LIT,NA,NA,NA,NA,Y,2014
29,NA,tropical.moist.forest,NA,NA,tropical,190,"changes.in.VPD.and.SM.with.distance.from.edge, NA, NA",Brazil,NA,N,variable,20m,random,NA,NA,tropical.moist.forest,12/1/1988,NA,NA,neutron.probe,ventilated.psychrometers,NA,NA,NA,NA,NA,BDFFP,NA,NA,ecophysiology,abiotic,forest.edge,forest.interior,pasture,NA,NA,JTE,03<U+00B0> 08<U+0092> S,NA,NA,multiple.perpendicular,Camargo,60<U+00B0> 02<U+0092> W,NA,NA,Manaus,NA,NA,NA,NA,NA,NA,NA,3,3,3,NA,NA,11,4,9,NA,Manaus,transect,transect,transect,NA,NA,N,4/1/1988,NA,NA,Amazonas,NA,NA,Y,"NA, t.test","VPD.at.a.given.height.did.not.vary.with.distance.from.edge, SM.did.not.create.a.clear.trend.from.edge.to.interior.compared.to.control",once.every.two.weeks,once.every.two.weeks,NA,NA,NA,NA,NA,SM,VPD,NA,NA,NA,NA,NA,Y,1995
30,NA,temperate.deciduous.forest,NA,NA,temperate,124,"between.sites, environmental.variables.with.distance.from.forest.boundary, NA",United.States,NA,N,variable,variable,NA,NA,NA,mesic.upland.forest,7/31/1994,NA,NA,photometer,mercury.thermometer,mercury.thermometer,sling.psychrometer,time.domain.reflectometer,NA,NA,institute.of.ecosystem.studies,NA,NA,ecophysiology,abiotic,forest.edge,field,NA,NA,NA,CFR,"41<U+00B0>30<U+0092>0""N",NA,NA,multiple.perpendicular,Cadenasso,"73<U+00B0>27<U+0092>0""W",NA,NA,millbrook,NA,NA,NA,NA,NA,NA,NA,2,2,NA,NA,NA,7,7,NA,NA,Manaus,transect,transect,NA,NA,NA,Y,7/1/1994,NA,NA,new.york,NA,NA,Y,"nonlinear.segmented.regression.model, NA","PAR.AT.ST.attained.interior.forest.levels.at.or.outside.forest.boundary, RH.increased.with.distance.into.forest, greater.fluctuation.of.AT.in.field",daily,daily,daily,daily,daily,NA,NA,PAR,AT,ST,RH,SM,NA,NA,Y,1997
31,NA,atlantic.forest,NA,NA,tropical,0,"number.of.captures.and.species.at.edges, distance.from.edge.and.environmental.variables, NA",Brazil,NA,N,random,NA,NA,NA,NA,NA,NA,NA,NA,Thermochron.data.logger,thermohygrometer,LUX,NA,NA,NA,NA,NA,NA,NA,animal.behavior,mammal,forest.edge,NA,NA,NA,NA,ORY,NA,NA,NA,perpendicular,Cerboncini,NA,NA,NA,Marumbi.State.Park,NA,NA,NA,NA,NA,NA,NA,4,NA,NA,NA,NA,5,NA,NA,NA,Manaus,transect,NA,NA,NA,NA,Y,NA,NA,NA,Parana,NA,NA,Y,"linear.regression, NA","only.LIT.decreased.into.forest, AT.RH.did.not.change.with.distance.from.edge, higher.max.AT.and.greater.variability.found.only.at.edge",every.hour,once.per.sampling.period,once.per.sampling.period,NA,NA,NA,NA,AT,RH,LIT,NA,NA,NA,NA,N,2016
32,NA,temperate.coniferous.forest,NA,NA,temperate,283,"relationships.of.daily.avgs.and.differences.in.AT.ST.RH.VPD.SM.WS.SFRD.between.clearcut.edge.and.interior, influence.of.edge.orientation.in.diurnal.changes.on.SFRD.RH.SM, NA",United.States,NA,N,NA,NA,NA,NA,NA,douglas.fir.forest,NA,1989-09-31,1990-09-31,datalogger,datalogger,anemometer,pyranometer,datalogger,time.domain.reflectometry,NA,Wind.River.Experimental.Forest,NA,NA,ecophysiology,abiotic,forest.edge,forest.interior,clearcut,NA,NA,AFM,45<U+00B0>48' N,NA,NA,fixed.point,Chen,121<U+00B0>55' W,NA,NA,Gifford.Pinchot.National.Forest,NA,NA,NA,NA,NA,NA,NA,13,13,13,NA,NA,1,1,1,NA,Manaus,point,point,point,NA,NA,Y,NA,6/1/1989,6/1/1990,Washington,NA,NA,NA,"NA, NA","clearcuts.receive.more.solar.radiation.and.precipitation.and.have.higher.rates.of.evapotranspiration.and.wind, on.cloudy.or.rainy.days.microclimates.differed.little, most.extreme.AT.and.RH.found.at.edges, microclimate.strongly.related.to.edge.orientation",every.15.seconds,every.15.seconds,every.15.seconds,every.15.seconds,every.15.seconds,NA,NA,AT,RH,WS,SRFD,ST,SM,VPD,Y,1993
33,NA,temperate.coniferous.forest,NA,NA,temperate,385,"effect.of.edge.orientation.and.distance.from.edge.on.microclimate, NA, NA",United.States,NA,N,30m,NA,NA,NA,NA,douglas.fir.forest,NA,1989-09-31,1990-09-31,pyranometer,time.domain.reflectometry,datalogger,datalogger,datalogger,anemometer,NA,NA,Wind.River.Experimental.Forest,HJ.Andrews.Experimental.Forest,ecophysiology,abiotic,fragment.edge,fragment.interior,NA,NA,NA,EA,4<U+00B0>14<U+0092> N,NA,NA,perpendicular,Chen,122<U+00B0>11<U+0092> W,NA,NA,NA,Gifford.Pinchot.National.Forest,Willamette.National.Forest,NA,NA,NA,NA,NA,16,16,NA,NA,NA,5,1,NA,NA,Manaus,transect,point,NA,NA,NA,Y,NA,6/1/1989,6/1/1990,NA,Washington,Oregon,Y,"F.test, NA","edge.effects.strongest.at.SW.edges.and.weakest.at.NE, edges.receive.more.direct.and.diffuse.solar.radiation, wind.speed.into.forest.decreased.exponentially., AT.and.ST.highest.at.edges.and.declined",every.15.seconds,NA,every.15.seconds,every.15.seconds,every.15.seconds,every.15.seconds,NA,SRFD,SM,AT,ST,RH,WS,NA,Y,1995
34,NA,tropical.savanna,NA,NA,tropical,9,"abiotic.variables.different.between.edge.and.interior, NA",Brazil,NA,N,random,random,NA,NA,NA,cerrado,8/31/2006,NA,NA,digital.thermometer,digital.thermometer,NA,NA,NA,NA,NA,Itirapina.Experimental.Station,NA,NA,community.ecology,insect,fragment.edge,fragment.interior,fire.break,NA,NA,API,22<U+00B0>12<U+0092>S,NA,NA,multiple.perpendicular,Christianini,47<U+00B0>51<U+0092>W,NA,NA,NA,NA,NA,NA,NA,NA,NA,NA,1,1,1,NA,NA,10,10,1,NA,Manaus,transect,transect,transect,NA,NA,Y,8/1/2006,NA,NA,NA,NA,NA,Y,"ANOVA, NA","significant.correlations.among.all.abiotic.variables, gradient.of.AT.decrease.and.RH.increase, with.Bonferroni.correction.only.RH.significantly.higher, NA",random,random,NA,NA,NA,NA,NA,AT,RH,VPD,NA,NA,NA,NA,Y,2013
35,NA,temperate.deciduous.forest,NA,NA,temperate,13,"decomposition.rate.related.to.microclimate.at.edges, NA",United.Kingdom,NA,N,25m,NA,NA,NA,NA,NA,2012-09-31,NA,NA,datalogger,datalogger,NA,NA,NA,NA,NA,Wytham.Woods,NA,NA,ecophysiology,plant,forest.edge,NA,NA,NA,NA,GCB,NA,51<U+00B0>46<U+0092>N,56<U+00B0>47<U+0092>N,multiple.perpendicular,Crockatt,NA,1<U+00B0>26<U+0092>W,1<U+00B0>20<U+0092>W,Oxfordshire,NA,NA,NA,NA,NA,NA,NA,2,NA,NA,NA,NA,5,NA,NA,NA,Manaus,transect,NA,NA,NA,NA,Y,7/29/2011,NA,NA,NA,NA,NA,Y,"General.Additive.Mixed.Models, NA","mean.AT.higher.RH.lower.at.edges.but.small.magnitude, NA, NA, NA",3hr,3hr,NA,NA,NA,NA,NA,AT,RH,NA,NA,NA,NA,NA,Y,2015
36,NA,tropical.cloud.forest,NA,NA,tropical,8,"species.richness.among.landscapes.and.habitat, NA",Colombia,NA,N,random,random,random,random,NA,tropical.cloud.forest,2003-11-31,NA,NA,NA,NA,NA,NA,NA,NA,NA,Cordillera.Occidental,NA,NA,population.ecology,herp,forest.edge,forest.interior,pasture,near.stream,NA,NC,NA,"4<U+00B0> 44<U+0092>12"" N","4<U+00B0> 44<U+0092>30"" N",perpendicular,Cubides,NA,"76<U+00B0> 18<U+0092>18"" W","76<U+00B0> 17<U+0092>48"" W",El.Cairo,NA,NA,NA,NA,NA,NA,NA,3,3,3,3,NA,5,5,5,5,Manaus,transect,transect,transect,transect,NA,N,9/1/2003,NA,NA,NA,NA,NA,Y,"chi.squared, NA","RH.and.AT.not.sig.between.pasture.and.forest, NA, NA",NA,NA,NA,NA,NA,NA,NA,AT,RH,NA,NA,NA,NA,NA,Y,2011
37,NA,tropical.rainforest,NA,NA,tropical,126,"microclimate.variables.between.forest.and.pasture, microclimate.variables.along.single.transect",New.Zealand,NA,N,NA,NA,variable,NA,NA,broadleaf.rainforest,NA,9/4/1996,3/8/1997,datalogger,cup.anemometer,datalogger,datalogger,NA,thermistor.probe,NA,Kawhia.Ecological.District,NA,NA,ecophysiology,abiotic,forest.edge,forest.interior,pasture,NA,NA,NJE,38<U+00B0>03<U+0092>S,NA,NA,perpendicular,Davies-Colley,175<U+00B0>04<U+0092>E,NA,NA,NA,NA,NA,NA,NA,NA,NA,NA,1,1,1,NA,NA,1,1,5,NA,Manaus,transect,point,point,NA,NA,Y,NA,8/10/1996,2/12/1997,NA,NA,NA,Y,"NA, NA","much.less.light.and.wind.in.forest, more.variation.in.AT.VPD.when.sunny.than.cloudy, higher.RH.lower.AT.in.forest.during.day",every.5.seconds,every.5.seconds,every.5.seconds,every.5.seconds,NA,every.5.seconds,NA,PAR,WS,AT,RH,VPD,ST,NA,Y,2000
38,NA,NA,NA,NA,temperate,52,"microclimate.variable.across.all.transects, edge.effects.between.road.and.forest.types, vertical.changes.in.temp",Spain,NA,N,variable,variable,2m,NA,NA,pine-oak.forest,6/30/2003,NA,NA,digital.thermocouple,digital.thermocouple,digital.hand.meter,NA,NA,NA,NA,NA,NA,NA,ecophysiology,abiotic,laurel.forest.edge,pine.forest.edge,roadway,NA,NA,LUP,27<U+00B0>N<U+0096>29<U+00B0>N,NA,NA,perpendicular,Delgado,13<U+00B0>W<U+0096>18<U+00B0>W,NA,NA,Parque.Natural.Corona.Forestal.and.Paisaje.Protegido.Las.Lagunetas,NA,NA,NA,NA,NA,NA,NA,13,12,2,NA,NA,8,8,2,NA,Manaus,transect,transect,transect,NA,NA,Y,3/1/2003,NA,NA,Canary.Islands,NA,NA,Y,"ANOVA, NA","temps.at.all.strata.decreased.from.edge.to.forest.interior, no.sig.trend.for.AT, lower.LIT.between.edge.and.interior, general.stabilizing.trend.within.10m.from.edge",NA,NA,NA,NA,NA,NA,NA,AT,ST,LIT,NA,NA,NA,NA,Y,2007
39,NA,tropical.forest,NA,NA,tropical,270,"edge.effects.in.closed.and.open.environments, NA, NA",Brazil,NA,N,variable,variable,variable,variable,NA,tropical.moist.forest,8/31/1994,NA,NA,electronic.temperature.probe,NA,NA,NA,NA,NA,NA,BDFFP,NA,NA,ecophysiology,plant,open.fragment,open.continuous.forest,closed.fragment,closed.continuous.forest,NA,BTR,2<U+00B0>25<U+0092>S,NA,NA,perpendicular,Didham,59<U+00B0>50<U+0092>W,NA,NA,Manaus,NA,NA,NA,NA,NA,NA,NA,1,1,1,1,NA,7,7,7,7,Manaus,transect,transect,transect,transect,NA,Y,1/1/1994,NA,NA,Amazonas,NA,NA,Y,"ANOVA, NA","AT.higher.at.edges.of.all.transects, edge.penetration.higher.with.open.edges, fragments.hotter.than.continuous.forest",1.day,NA,NA,NA,NA,NA,NA,AT,NA,NA,NA,NA,NA,NA,Y,1999
40,NA,tropical.forest,NA,NA,tropical,0,"changes.in.microclimate.from.edge.to.interior, NA, NA",Sri.Lanka,NA,N,NA,NA,NA,NA,NA,NA,NA,NA,NA,mercury.thermometer,lux.meter,hygrometer,oven.drying,NA,NA,NA,Kirigala.forest,NA,NA,community.ecology,plant,fragment.edge,fragment.interior,NA,NA,NA,JSL,06<U+00B0>46<U+0092>N,NA,NA,fixed.plot,Dilrukshi,80<U+00B0>8<U+0092>E,NA,NA,Colombo,NA,NA,NA,NA,NA,NA,NA,3,3,NA,NA,NA,1,1,NA,NA,Manaus,point,point,NA,NA,NA,Y,NA,NA,NA,Western.Province,NA,NA,Y,"t.test, cluster.analysis","SM.RH.higher.in.interior, AT.LIT.high.at.edge, NA",once.per.month,once.per.month,once.per.month,once.per.month,NA,NA,NA,AT,LIT,RH,SM,NA,NA,NA,N,2016
41,NA,tropical.savanna,NA,NA,tropical,13,"differences.in.patterns.of.EI.between.savannah.and.forest.edges, NA, NA",Brazil,NA,N,variable,variable,NA,NA,NA,cerrado,11/30/2010,NA,NA,hygro-thermo-anemometer,hygro-thermo-anemometer,NA,NA,NA,NA,NA,NA,NA,NA,ecophysiology,plant,savannah,forest.edge,NA,NA,NA,PE,NA,NA,NA,multiple.perpendicular,Dodonov,NA,NA,NA,NA,NA,NA,NA,NA,NA,NA,NA,3,11,NA,NA,NA,15,15,NA,NA,Manaus,transect,transect,NA,NA,NA,Y,11/1/2009,NA,NA,SP,NA,NA,Y,"Randomization.Test, logistic.regression","higher.H.at.most.fragments.but.AT.variable, 15-60m.depth.of.edge.influence.for.microclimate, changes.in.canopy.cover.not.always.accompanied.by.microclimate.change",NA,NA,NA,NA,NA,NA,NA,AT,H,NA,NA,NA,NA,NA,Y,2013
42,NA,temperate.broadleaf.forest,NA,NA,temperate,30,"precipitation.as.a.function.of.distance.from.edge, NA, NA",Netherlands,NA,N,variable,NA,NA,NA,NA,NA,NA,9/30/1990,10/31/1991,throughfall.gutter,funnel,NA,NA,NA,NA,NA,NA,NA,NA,ecosystem.ecology,abiotic,forest.edge,NA,NA,NA,NA,BLM,NA,NA,NA,perpendicular,Draaijers,NA,NA,NA,Utrechts.Heuvelrug,NA,NA,NA,NA,NA,NA,NA,8,NA,NA,NA,NA,8,NA,NA,NA,Manaus,transect,NA,NA,NA,NA,Y,NA,9/1/1989,10/1/1990,NA,NA,NA,NA,"NA, NA","exponential.increase.of.throughfall.flux.with.decreasing.distance.to.edge, NA, NA",NA,NA,NA,NA,NA,NA,NA,TP,PT,NA,NA,NA,NA,NA,Y,1994
43,NA,temperate.broadleaf.forest,NA,NA,temperate,168,"microclimate.variable.changes.from.edge.to.interior, distance.of.stabilization, NA",United.States,NA,N,variable,NA,NA,NA,NA,mixed.mesophytic.forest,3/31/1995,NA,NA,portable.gas.exchange.system,portable.gas.exchange.system,soil.probe,oven.drying,NA,NA,NA,NA,NA,NA,ecophysiology,abiotic,fragment.edge,fragment.interior,NA,NA,NA,PE,NA,NA,NA,mixed.orientation,Gehlhausen,NA,NA,NA,Urbana,NA,NA,NA,NA,NA,NA,NA,2,2,NA,NA,NA,10,1,NA,NA,Manaus,transect,point,NA,NA,NA,Y,3/1/1994,NA,NA,Illinois,NA,NA,Y,"MANOVA, ANOVA, principal.components.analysis","RH.highest.depth.of.influence.at.80m.on.W.side, large.variation.may.have.reduced.significance, ST.uniform.AT.with.mixed.results, all.variables.significant.contributors.to.model",NA,NA,NA,NA,NA,NA,NA,AT,RH,ST,SM,NA,NA,NA,Y,2000
44,NA,boreal.forest,NA,NA,boreal,45,"microclimate.changes.in.very.small.to.large.stands, bryophyte.and.lichen.diversity.in.fragments, NA",Canada,NA,N,NA,5m,5m,NA,NA,subhumid.low.boreal.forest,2002,NA,NA,sling.psychrometer,photometer,thermistor,NA,NA,NA,NA,NA,NA,NA,community.ecology,plant,individual.trees,small.fragment,large.fragment,outside.fragment,NA,BRY,54<U+00B0>N.to.57<U+00B0>N,NA,NA,mixed.orientation,Gignac,112<U+00B0>W.to.118<U+00B0>W,NA,NA,NA,Athabasca,Peace.River,Manning,NA,NA,NA,NA,NA,NA,NA,NA,NA,1,variable,variable,1,Manaus,point,transect,transect,point,NA,Y,2000,NA,NA,Alberta,NA,NA,Y,"multiple.linear.regressions, NA, NA","mean.AT.and.IR.stabilized.at.12.and.15m.from.edge.at.ground.level, RH.stabilized.30m.from.edge, AT.decreased.with.distance.from.edge.into.fragment, cool.days.saw.less.drastic.shifts.from.outside.fragment.to.inside",NA,NA,NA,NA,NA,NA,NA,RH,LIT,AT,NA,NA,NA,NA,Y,2005
45,NA,temperate.coniferous.forest,NA,NA,temperate,56,"microclimate.variance.at.edges, changes.from.undisturbed.to.aggregates.to.deforested.area, differences.between.N/E.and.S/W.edges",United.States,NA,N,variable,variable,variable,NA,NA,douglas.fir.forest,11/30/2004,NA,NA,photographs,datalogger,datalogger,time.domain.reflectometry,NA,NA,NA,NA,NA,NA,ecophysiology,abiotic,undisturbed.fragment,forest.aggregate,matrix,NA,NA,FEM,NA,NA,NA,mixed.orientation,Heithecker,NA,NA,NA,NA,Butte,Paradise.Hills,Little.White.Salmon,NA,NA,NA,NA,3,6,3,NA,NA,8,8,7,NA,Manaus,transect,transect,transect,NA,NA,Y,6/1/2004,NA,NA,Washington,NA,NA,N,"NA, NA, NA","PPFD.declined.steeply.in.aggregates.to.reflect.controls.at.15m, temp.less.steep.decline.than.PPFD.to.stabilize.at.N/E.edges.within.20m, S/W.edges.higher.ST.AT, SM.no.apparent.gradient.across.edge",once.per.site,hourly,hourly,NA,NA,NA,NA,PPFD,AT,ST,SM,NA,NA,NA,Y,2007
46,NA,NA,tropical.savanna,tropical.forest,tropical,16,"changes.in.microclimate.from.savanna.to.closed.forest, differences.between.rainy.and.dry.season, NA",Cote.D'ivore,NA,N,NA,NA,NA,NA,NA,NA,9/4/2002,NA,NA,datalogger,datalogger,AT.and.RH,NA,NA,NA,NA,NA,NA,NA,ecophysiology,abiotic,closed.forest,forest.belt,savanna,NA,NA,BAE,8<U+00B0>44<U+0092><U+0096>8<U+00B0>41<U+0092> N,NA,NA,perpendicular,Hennenberg,3<U+00B0>51<U+0092>W<U+0096>3<U+00B0>47<U+0092> W,NA,NA,Comoe.National.Park,NA,NA,NA,NA,NA,NA,NA,7,7,7,NA,NA,variable,variable,variable,NA,Manaus,transect,transect,transect,NA,NA,Y,2/8/2002,NA,NA,NA,NA,NA,Y,"nonlinear.regression, border.and.ecotone.detection.analysis, NA","during.rainy.season.all.microclimate.parameters.more.sharply.different.between.forest.and.savanna, location.of.microclimate.border.shifted.over.year.closer.to.forest.interior.in.dry.season, savanna.and.forest.not.significantly.different.during.dry.season, NA",10min,10min,NA,NA,NA,NA,NA,AT,RH,VPD,NA,NA,NA,NA,Y,2008
47,NA,tropical.dry.forest,NA,NA,tropical,11,"changes.in.microclimate.from.savanna.to.forest, depth.of.edge.effects.increases.in.dry.season, NA",France,NA,N,variable,variable,NA,NA,NA,NA,11/1/2010,NA,NA,datalogger,datalogger,AT.and.RH,NA,NA,NA,NA,NA,NA,NA,ecophysiology,abiotic,savanna,forest.fragment,NA,NA,NA,AE,21<U+00B0>11<U+0092>S,NA,NA,multiple.perpendicular,Ibanez,165<U+00B0>15<U+0092>E,NA,NA,NA,NA,NA,NA,NA,NA,NA,NA,1,1,NA,NA,NA,3,9,NA,NA,Manaus,transect,transect,NA,NA,NA,N,4/4/2010,NA,NA,New.Caledonia,NA,NA,Y,"nonlinear.least.square.regression, border.and.ecotone.detection.analysis, NA","very.little.noticable.edge.effect.at.border, more.variation.in.savanna.than.forest, microclimate.edge.outside.of.forest, NA",every.20.min,every.20.min,NA,NA,NA,NA,NA,AT,RH,VPD,NA,NA,NA,NA,Y,2013
48,NA,atlantic.forest,NA,NA,tropical,1,"soil.moisture.related.to.palms, NA, NA",Brazil,NA,N,NA,NA,NA,NA,NA,dense.humid.forest,NA,NA,NA,HH2.moisture.meter,NA,NA,NA,NA,NA,NA,NA,NA,NA,population.ecology,plant,forest.fragment,NA,NA,NA,NA,CF,"29<U+00B0>24<U+0092>58.0"" S",NA,NA,grid,Cappelatti,"49<U+00B0>54<U+0092>49.1"" W",NA,NA,Tres.Cachoeiras,NA,NA,NA,NA,NA,NA,NA,1,NA,NA,NA,NA,1,NA,NA,NA,Manaus,point,NA,NA,NA,NA,Y,NA,NA,NA,Rio.Grande.do.Sul,NA,NA,Y,"variation.partitioning.analysis, Spearman.correlation, NA","positive.correlation.between.canopy.openness.and.soil.humidity, only.understory.species.responded.to.SM, NA, NA",once.per.plot,NA,NA,NA,NA,NA,NA,SM,NA,NA,NA,NA,NA,NA,Y,2015
49,NA,tropical.riparian.forest,NA,NA,tropical,45,"changes.in.light.with.distance.from.edge, changes.in.light.from.savanna.to.fragment.interior, NA",Belize,NA,N,variable,variable,NA,NA,NA,orchard.pine.savanna,NA,NA,NA,datalogger,ozalid.paper.technique,NA,NA,NA,NA,NA,NA,NA,NA,community ecology,plant,inside.fragment,savanna,NA,NA,NA,JB,17<U+00B0>N,NA,NA,random.plot,MacDougall,89<U+00B0>W,NA,NA,Mountain.Pine.Ridge,NA,NA,NA,NA,NA,NA,NA,3,3,NA,NA,NA,variable,1,NA,NA,Manaus,plots.and.transects,point,NA,NA,NA,Y,NA,NA,NA,NA,NA,NA,Y,"frequency.distribution, NA, NA","estimate.of.LIT.change.penetration.ranged.from.7m.to.11point5m, LIT.highest.at.edge.decreased.to.interior, NA, NA",NA,NA,NA,NA,NA,NA,NA,PAR,LIT,NA,NA,NA,NA,NA,Y,1992
50,NA,wet.temperate.forest,NA,NA,temperate,49,"changes.in.microclimate.from.edge.to.interior, NA, NA",India,NA,N,10,NA,NA,NA,NA,shola.forest,6/1/1995,NA,NA,drying,ceptometer,thermohygrometer,thermohygrometer,soil.thermometer,NA,NA,NA,NA,NA,community.ecology,plant,forest.edge,NA,NA,NA,NA,FEM,10<U+00B0>15<U+0092>N,NA,NA,multiple.perpendicular,Jose,77<U+00B0>5<U+0092>E,NA,NA,Eravikulam.National.Park,NA,NA,NA,NA,NA,NA,NA,1,NA,NA,NA,NA,4,NA,NA,NA,Manaus,transect,transect,NA,NA,NA,Y,5/29/1995,NA,NA,NA,NA,NA,Y,"regression.analysis, canonical.correspondence.analysis, NA","SM.RH.increased.from.edge.to.interior, PAR.decreased.from.edge.to.interior, effect.on.PAR.to.15m.all.other.variables.to.30m, higher.SM.lower.AT.ST.associated.with.lower.PAR",NA,NA,NA,NA,NA,NA,NA,SM,PAR,RH,AT,ST,NA,NA,Y,1996
51,NA,montane.tropical.forest,NA,NA,tropical,0,"epiphyll.diversity.related.to.habitat.from.edge.to.interior, microclimate.change.edge.to.interior, NA",Kenya,NA,N,10m,10m,NA,NA,NA,tropical.cloud.forest,9/30/2009,NA,NA,datalogger,datalogger,NA,NA,NA,NA,NA,NA,NA,NA,community.ecology,"plant, plant",forest.edge,forest.interior,NA,NA,NA,JBR,03<U+00B0>15<U+0092>S<U+0096>3<U+00B0>30<U+0092>S,NA,NA,perpendicular,Malombe,38<U+00B0>15<U+0092>E<U+0096>38<U+00B0>30<U+0092>E,NA,NA,Taita.Hills,NA,NA,NA,NA,NA,NA,NA,3,3,NA,NA,NA,3,3,NA,NA,Manaus,transect,transect,NA,NA,NA,N,9/1/2009,NA,NA,NA,NA,NA,Y,"canonical.correspondance.analysis, NA, NA","little.fluctuation.in.temp.among.plots, NA, NA, NA",every.30.min,every.30.min,NA,NA,NA,NA,NA,AT,RH,NA,NA,NA,NA,NA,N,2016
52,NA,cerrado,NA,NA,tropical,3,"microclimate.changes.from.edge.to.interior, microclimate.comparing.forest.to.savanna, edge.and.microclimate.effects.on.vegetation",Brazil,NA,N,various,NA,NA,NA,NA,cerrado,NA,NA,NA,thermohygrometer,thermohygrometer,digital.photonflux,NA,NA,NA,NA,NA,NA,NA,ecophysiology,NA,savanna.fragment,pasture,NA,NA,NA,PED,22<U+00B0>48<U+0092> S,NA,NA,multiple.parallel,Mendonca,49<U+00B0>02<U+0092> W,NA,NA,Iaras,NA,NA,NA,NA,NA,NA,NA,1,1,NA,NA,NA,5,1,NA,NA,Manaus,transect,point,NA,NA,NA,Y,NA,NA,NA,Sao.Paulo,NA,NA,Y,"generalized.addititve.models, NA, NA","very.little.to.no.variation.in.variables.with.distance.into.cerrado, PAR.twice.as.high.in.matrix.as.cerrado, min.RH.in.rainy.season.and.max.RH.in.dry.season.weakly.related.to.distance, NA",once.per.hour,once.per.hour,once,NA,NA,NA,NA,AT,RH,PAR,NA,NA,NA,NA,Y,2015
53,NA,subtropical.deciduous.forest,NA,NA,tropical,1,"edge.effect.from.eucalyptus.farm, buffering.of.edge.effect.by.eucalypt.barrier, NA",Brazil,NA,N,10m,10m,10m,NA,NA,NA,NA,NA,NA,NA,thermohydrometer,thermohydrometer,NA,NA,NA,NA,Fazenda.Santa.Ines,NA,NA,ecophysiology,abiotic,forest.fragment,eucalypt.forest.fragment,eucalypt.farm,NA,NA,SF,"23<U+00B0>51<U+0092>78""S",NA,NA,perpendicular,Nascimento,"48<U+00B0>21<U+0092>44""W",NA,NA,Capao.Bonito,NA,NA,NA,NA,NA,NA,NA,1,1,1,NA,NA,4,4,3,NA,Manaus,transect,transect,transect,NA,NA,Y,9/1/2006,NA,NA,Sao.Paulo,NA,NA,Y,"Tukey.HSD, NA, NA","PPFD.AT.lower.RH.more.normal.with.eucalypt.border, PPFD.higher.outside.fragment, NA, NA",five.times.during.study,once.per.month,once.per.month,NA,NA,NA,NA,PPFD,AT,RH,NA,NA,NA,NA,Y,2010
54,NA,tropical.moist.broadleaf.forest,NA,NA,tropical,37,"shapes.of.forest.edge.and.interior, change.in.microclimate.from.edge.to.interior, NA",Tanzania,NA,N,13m,13m,NA,NA,NA,montane.forest,NA,NA,NA,thermohygrometer,lux.meter,thermohygrometer,NA,NA,NA,NA,NA,NA,NA,ecophysiology,abiotic,forest.edge,forest.interior,NA,NA,NA,BTR,NA,5<U+00B0>6<U+0092>S,5<U+00B0>5<U+0092>S,multiple.perpendicular,Newmark,NA,38<U+00B0>36<U+0092>E,38<U+00B0>26<U+0092>E,NA,Amani.Nature.Reserve,Ambangulu.Tea.Estate,NA,NA,NA,NA,NA,2,2,NA,NA,NA,19,19,NA,NA,Manaus,transect,transect,NA,NA,NA,N,NA,NA,NA,NA,NA,NA,Y,"piecewise.linear.regression, NA, NA","low.spatial.high.temporal.variability.for.AT.VPD, high.spatial.and.temporal.variability.for.LUX, NA, NA",hourly,hourly,hourly,NA,NA,NA,NA,VPD,LUX,AT,NA,NA,NA,NA,Y,2001
55,NA,tropical.moist.forest,NA,NA,tropical,40,"linear.canopy.openings.change.microclimate.gradients, edge.gradients.differ.among.edge.types, difference.in.gradients.wet.to.dry.season",Australia,NA,N,variable,variable,variable,NA,NA,mesophyll.vine.forest,NA,4/4/2004,9/30/2004,light.meter,air.velocity.meter,air.velocity.meter,air.velocity.meter,soil.probe,drying,AT.and.RH,NA,NA,NA,ecophysiology,abiotic,powerline.edge,highway.edge,creek.edge,NA,NA,BTR,17<U+00B0>36<U+0092>S,NA,NA,perpendicular,Pohlman,145<U+00B0>45<U+0092>E,NA,NA,NA,Wooroonooran.National.Park,South.Johnstone.State.Forest,NA,NA,NA,NA,NA,2,2,2,NA,NA,11,11,11,NA,Manaus,transect,transect,transect,NA,NA,Y,NA,2/11/2004,9/1/2004,Queensland,NA,NA,Y,"MANCOVA, NA, NA","edge.effects.vary.with.edge.type.and.season, microclimate.change.dissipated.20-25m.of.powerline.and.highway.edges, creek.edges.showed.least.change.at.edge.and.over.seasons, AT.VPD.gradients.in.both.seasons.near.highway.while.powerline.gradients.collapsed.in.wet.season",once.per.season,once.per.season,once.per.season,once.per.season,once.per.season,once.per.season,NA,PAR,AT,RH,WS,ST,SM,VPD,Y,2007
56,NA,tropical.moist.forest,NA,NA,tropical,24,"diurnal.changes.based.on.edge.type, seasonal.changes.based.on.edge.type, microclimate.edge.gradients",Australia,NA,N,variable,variable,variable,NA,NA,mesophyll.vine.forest,NA,4/30/2004,12/1/2004,datalogger,datalogger,cup.anemometer,AT.and.RH,NA,NA,NA,NA,NA,NA,ecophysiology,abiotic,powerline.edge,highway.edge,creek.edge,NA,NA,AFM,17<U+00B0>36<U+0092>S,NA,NA,perpendicular,Pohlman,145<U+00B0>45<U+0092>E,NA,NA,NA,Wooroonooran.National.Park,South.Johnstone.State.Forest,NA,NA,NA,NA,NA,2,2,2,NA,NA,6,6,6,NA,Manaus,transect,transect,transect,NA,NA,Y,NA,2/1/2004,9/1/2004,Queensland,NA,NA,Y,"GLM, NA, NA","seasonal.variation.strongest.on.powerline.transects, VPD.ranges.higher.in.dry.season.and.at.edges, wind.speeds.greater.on.edge.especially.stream, reduced.diurnal.and.seasonal.differences.on.powerline.transects",every.10min,every.10min,NA,NA,NA,NA,NA,AT,RH,WS,VPD,NA,NA,NA,Y,2008
57,NA,atlantic.forest,NA,NA,tropical,10,"differences.in.microclimate.between.habitats, changes.between.seasons.and.months, NA",Brazil,NA,N,variable,variable,variable,NA,NA,ombrophilous.dense.forest,2004-02-30,NA,NA,thermometer,drying,NA,NA,NA,NA,NA,NA,NA,NA,ecophysiology,abiotic,forest.edge,stream.edge,forest.interior,NA,NA,BAB,22<U+00B0>50<U+0092>S,NA,NA,mixed.orientation,Ramos,42<U+00B0>28<U+0092>W,NA,NA,Hotel.Fazenda.Serra.da.Castelana,NA,NA,NA,NA,NA,NA,NA,1,1,1,NA,NA,5,5,5,NA,Manaus,plot,plot,plot,NA,NA,Y,3/1/2003,NA,NA,Rio.de.Janeiro,NA,NA,Y,"ANOVA, NA, NA","anthropogenic.edge.highest.AT.and.variation, interaction.between.month.and.habitat.type, no.variation.in.SM.among.habitats, NA",once.per.month,once.per.month,NA,NA,NA,NA,NA,AT,SM,NA,NA,NA,NA,NA,Y,2006
58,NA,tropical.montane.forest,NA,NA,tropical,5,"changes.in.microclimate.from.fragment.to.pasture, NA, NA",Colombia,NA,N,NA,NA,NA,NA,NA,NA,2011,NA,NA,digital.thermohygrometer,digital.thermohygrometer,sensor,drying,NA,NA,NA,NA,NA,NA,population.ecology,plant,fragment.edge,fragment.interior,pasture,NA,NA,RBT,"5<U+00B0>55<U+0092>42.37""N",NA,NA,perpendicular,Ramos,"73<U+00B0>04<U+0092>52.48""W",NA,NA,Parama.de.la.Rusia,NA,NA,NA,NA,NA,NA,NA,2,2,2,NA,NA,NA,NA,NA,NA,Manaus,transect,transect,transect,NA,NA,Y,2011,NA,NA,NA,NA,NA,Y,"ANOVA, Kruskal-Wallis.test, NA","PAR.AT.lower.RH.higher.at.interior.than.pasture, trees.in.matrix.higher.biomass, NA, NA",NA,NA,NA,NA,NA,NA,NA,AT,RH,PAR,SM,NA,NA,NA,Y,2013
59,NA,boreal.forest,NA,NA,boreal,110,"microclimate.differences.related.to.epiphytic.lichen.growth, microclimate.changes.from.edge.to.interior, NA",Sweden,NA,N,NA,NA,NA,NA,NA,Norway.spruce.forest,10/27/1994,NA,NA,gallium.arsenide-phosphide.photodiodes,probe,probe,NA,NA,NA,NA,NA,NA,NA,plant.physiology,plant,forest.edge,forest.interior,NA,NA,NA,OEC,64<U+00B0>14<U+0092>N,NA,NA,multiple.perpendicular,Renhorn,19<U+00B0>46<U+0092>E,NA,NA,Svartberget.Experimental.Forest,NA,NA,NA,NA,NA,NA,NA,1,1,NA,NA,NA,1,1,NA,NA,Manaus,point,point,NA,NA,NA,Y,8/16/1993,NA,NA,Vasterbotten,NA,NA,Y,"ANOVA, NA, NA","PPFD.higher.at.edge, AT.RH.similar.at.edge.and.interior.during.growing.season, NA, NA",every.1.min,every.1.min,every.1.min,NA,NA,NA,NA,PPFD,AT,RH,NA,NA,NA,NA,Y,1997
60,NA,tropical.montane.cloud.forest,NA,NA,tropical,2,"microclimate.related.to.herbivory.at.edge.distance, microclimate.differences.from.forest.to.field, differences.between.dry.and.wet.seasons, differences.between.soft.and.hard.edge",Mexico,NA,N,NA,NA,NA,NA,NA,oak.cloud.forest,8/30/2003,NA,NA,digital.thermohygrometer,digital.thermohygrometer,thermometer,drying,NA,NA,NA,"Banderilla, Tlalnelhuayocan",NA,NA,community.ecology,plant,forest.fragment,field,NA,NA,NA,BSB,NA,19<U+00B0>35<U+0092>N,19<U+00B0>31<U+0092>N,parallel,Reynoso,NA,96<U+00B0>58<U+0092>W,96<U+00B0>58<U+0092>W,NA,NA,NA,NA,NA,NA,NA,NA,2,2,NA,NA,NA,2,2,NA,NA,Manaus,transect,transect,NA,NA,NA,Y,4/1/2003,NA,NA,Veracruz,NA,NA,Y,"ANOVA, NA, NA","AT.ST.higher.during.dry.season.and.at.abrupt.edge, AT.ST.higher.in.field.and.field.edge, RH.SM.higher.in.wet.season, RH.lowest.in.field.and.field.edge.highest.in.forest.interior",once.per.week,once.per.week,once.per.week,once.per.week,NA,NA,NA,AT,RH,ST,SM,NA,NA,NA,Y,2007
61,NA,tropical.rainforest,NA,NA,tropical,18,"larval.communities.related.to.area.distance.or.microclimate, rates.of.herbivory.in.fragments.related.to.continuous.forest, NA, NA",Uganda,NA,N,random,random,NA,NA,NA,NA,8/30/2007,NA,NA,datalogger,datalogger,NA,NA,NA,NA,NA,NA,NA,NA,community.ecology,insect,forest.fragment,continuous.forest,NA,NA,NA,DAD,0<U+00B0>41<U+0092>N-0<U+00B0>41<U+0092>N,NA,NA,random.point,Savilaakso,30<U+00B0>19<U+0092>E-30<U+00B0>32<U+0092>E,NA,NA,Kibale.National.Park,NA,NA,NA,NA,NA,NA,NA,5,1,NA,NA,NA,10,10,NA,NA,Manaus,point,point,NA,NA,NA,Y,8/1/2007,NA,NA,NA,NA,NA,Y,"Wilcoxon.singed-rank.test, NA, NA","lower.RH.in.fragments, mean.AT.only.significantly.higher.in.fragments.in.afternoon, NA, NA",every.five.minutes,every.five.minutes,every.five.minutes,every.five.minutes,NA,NA,NA,AT,RH,NA,NA,NA,NA,NA,Y,2009
62,NA,atlantic.forest,NA,NA,tropical,5,"differences.in.microhabitat.between.edge.and.interior, NA, NA, NA",Brazil,NA,N,NA,NA,NA,NA,NA,Atlantic.forest,8/31/2007,NA,NA,thermohygrometer,thermohygrometer,NA,NA,NA,NA,NA,Jaguarao.Forest,NA,NA,community.ecology,plant,fragment.edge,fragment.interior,NA,NA,NA,BJB,"8<U+00B0>35<U+0092>49""S",NA,NA,fixed.plot,Silva,"35<U+00B0>15<U+0092>39""W",NA,NA,Rio.Formoso,NA,NA,NA,NA,NA,NA,NA,1,1,NA,NA,NA,3,3,NA,NA,Manaus,plots,plots,NA,NA,NA,Y,8/1/2006,NA,NA,Pernambuco,NA,NA,Y,"t.test, NA, NA","lower.AT.higher.RH.at.interior, NA, NA, NA",NA,NA,NA,NA,NA,NA,NA,AT,RH,NA,NA,NA,NA,NA,Y,2011
63,NA,lowland.terra.firme.rainforest,NA,NA,tropical,68,"seedling.life.characteristics.with.distance.to.edge, changes.in.microclimate.after.edge.creation, NA, NA",Brazil,NA,N,variable,variable,NA,NA,NA,NA,8/27/1990,NA,NA,whirling.hygrometer,whirling.hygrometer,NA,NA,NA,NA,NA,No.2303,NA,NA,population.ecology,plant,forest.edge,forest.interior,NA,NA,NA,BC,NA,NA,NA,parallel,Sizer,NA,NA,NA,Manaus,NA,NA,NA,NA,NA,NA,NA,3,3,NA,NA,NA,7,7,NA,NA,Manaus,transect,transect,NA,NA,NA,Y,5/1/1990,NA,NA,Amazonas,NA,NA,Y,"ANOVA, linear.regression, NA","after.edge.creation.VPD.AT.higher.to.50m.from.edge, VPD.AT.edge.changes.declined.exponentially.with.distance.from.edge, NA, NA",hourly,hourly,NA,NA,NA,NA,NA,AT,VPD,NA,NA,NA,NA,NA,Y,1999
64,NA,tropical.rainforest,NA,NA,tropical,90,"change.in.species.richness.with.habitats.and.environmental.variables, differences.in.microhabitat.between.edge.and.interior, NA, NA",Mexico,NA,N,NA,NA,NA,NA,NA,tropical.evergreen.rainforest,NA,10/31/2003,5/31/2004,thermohygrometer,thermohygrometer,NA,NA,NA,NA,NA,NA,NA,NA,community.ecology,herp,fragment.edge,fragment.interior,pasture,NA,NA,BC,18<U+00B0>32<U+0092>N,NA,NA,parallel,Urbina-Cardona,95<U+00B0>6<U+0092>W,NA,NA,Los.Tuxtlas.Biosphere.Reserve,NA,NA,NA,NA,NA,NA,NA,6,6,6,NA,NA,NA,NA,NA,NA,Manaus,transect,transect,transect,NA,NA,N,NA,6/1/2003,2/1/2004,Veracruz,NA,NA,Y,"t.test, Pearson.correlation.coefficient, NA","distance.gradient.related.to.AT, no.sig.diff.between.edge.and.interior.habitats, NA, NA",once.per.animal.recorded,once.per.animal.recorded,NA,NA,NA,NA,NA,AT,RH,NA,NA,NA,NA,NA,Y,2006
65,NA,boreal.forest,NA,NA,boreal,26,"differences.edge.and.interior, changes.to.edge.effects.based.on.matrix.type.of.field.or.3.to.5.year.clearcut, NA, NA",Canada,NA,N,variable,variable,NA,NA,NA,southern.boreal.mixed.wood,NA,8/31/1997,8/31/1998,datalogger,datalogger,NA,NA,NA,NA,NA,NA,NA,NA,community.ecology,insect,forest.edge,forest.interior,NA,NA,NA,ESC,53<U+00B0>40<U+0092>N,NA,NA,perpendicular,Van.Wilgenburg,105<U+00B0>56<U+0092>W,NA,NA,NA,Shellbrook,Paddockwood,NA,NA,NA,NA,NA,6,6,NA,NA,NA,variable,variable,NA,NA,Manaus,transect,transect,NA,NA,NA,Y,NA,6/1/1997,6/1/1998,Saskatchewan,NA,NA,Y,"t.test, NA, NA","no.change.between.landscapes, RH.lower.AT.higher.in.edges.at.both.sites, no.overlapping.daily.ranges.of.edge.and.interior.only.in.forestry.landscape, daily.AT.edge.effect.extended.40m.to.60m",once.every.five.minutes,once.every.five.minutes,NA,NA,NA,NA,NA,AT,RH,NA,NA,NA,NA,NA,Y,2001
66,NA,tropical.savanna,NA,NA,tropical,1,"edge.effect.differences.between.burned.and.unburned.domes, differences.between.dry.and.inundated.conditions, edge.microclimate.differs.from.interior, NA",United.States,NA,N,NA,NA,NA,NA,NA,cypress.dome,10/31/2011,NA,NA,datalogger,datalogger,AT.and.RH,NA,NA,NA,NA,NA,NA,NA,ecophysiology,abiotic,dome.edge,dome.midpoint,dome.center,savanna,NA,FWS,26<U+00B0>N,NA,NA,perpendicular,Watts,81<U+00B0>W,NA,NA,Big.Cypress.National.Preserve,NA,NA,NA,NA,NA,NA,NA,6,6,6,6,NA,1,1,1,1,Manaus,point,point,point,point,NA,Y,12/1/2010,NA,NA,Florida,NA,NA,Y,"Tukeys.W.test, linear.regression, NA","no.difference.from.edge.to.external.locations, max.AT.min.RH.different.mid-transect.to.edge, microclimate.different.in.mid-transect.and.center.only.during.dry.season, AT.lower.RH.higher.in.all.domes.than.exterior",every.30.min,every.30.min,NA,NA,NA,NA,NA,AT,RH,VPD,NA,NA,NA,NA,Y,2015
67,NA,tropical.rainforest,NA,NA,tropical,236,"microclimate.effects.related.to.distance.from.pasture, age.of.edge.impacts.on.edge.effects, relation.of.edge.to.tree.mortality, NA",Panama,NA,N,10m,10m,NA,NA,NA,tropical.premontane.wet.forest,3/31/1987,NA,NA,thermometer,sling.psychrometer,NA,NA,NA,NA,NA,NA,NA,NA,ecophysiology,plant,forest.edge,pasture,NA,NA,NA,JE,9<U+00B0>15<U+0092>N-9<U+00B0>18<U+0092>N,NA,NA,perpendicular,Williams-Linera,78<U+00B0>55<U+0092>W-78<U+00B0>58<U+0092>W,NA,NA,El.Llano-Carti.road,NA,NA,NA,NA,NA,NA,NA,5,5,NA,NA,NA,5,3,NA,NA,Manaus,transect,transect,NA,NA,NA,Y,1/1/1987,NA,NA,Panama,NA,NA,Y,"ANOVA, t.test, piecewise.linear.models","AT.higher.RH.lower.in.pasture.than.forest, changes.of.microclimate.in.forest.not.significant.after.15m.in, tree.mortality.decreased.with.distance.into.forest, NA",three.times.per.week.for.3.weeks,three.times.per.week.for.3.weeks,NA,NA,NA,NA,NA,AT,RH,NA,NA,NA,NA,NA,Y,1990
68,NA,tropical.rainforest,NA,NA,tropical,95,"microclimate.related.to.habitat.type, distance.of.edge.effects.on.microclimate, NA, NA",Mexico,NA,N,5m,2m,2m,2m.or.5m,NA,NA,NA,NA,NA,sling.psychrometer,thermocouple.thermometer,thermocouple.thermometer,datalogger,NA,NA,NA,NA,NA,NA,community.ecology,abiotic,forest.fragment,linear.forest.remnant,isolated.forest.trees,pasture,NA,CB,18<U+00B0>35<U+0092>N-18<U+00B0>37<U+0092>N,NA,NA,perpendicular,Williams-Linera,95<U+00B0>03<U+0092>W-95<U+00B0>07<U+0092>W,NA,NA,Las.Tuxtlas,NA,NA,NA,NA,NA,NA,NA,4,4,8,16,NA,10,NA,1,4.or.10,Manaus,transect,transect,point,transect,NA,Y,NA,NA,NA,Veracruz,NA,NA,Y,"mixed.regression.model, contrast.statements, NA","RH.AT.no.difference.old.forest.to.pasture, ST.increased.with.closeness.to.pasture.in.all.habitats, PAR.at.riparian.sites.similar.to.forest.edges, edge.stream.area.homogeneous.microclimate",NA,NA,NA,NA,NA,NA,NA,RH,AT,ST,PAR,NA,NA,NA,Y,1998
69,NA,temperate.forest,NA,NA,temperate,18,"microclimate.differences.between.eucalypt.and.agricultural.edges, extent.of.edge.influence.by.edge.type, NA, NA",Australia,N,fragment.interiors.higher.AT.lower.RH.than.edges,variable,variable,variable,NA,NA,NA,NA,8/25/2007,1/26/2008,datalogger,datalogger,hemispheric.photographs,datalogger,AT.and.RH,NA,NA,NA,NA,NA,ecophysiology,abiotic,forest.fragment,agricultural.edge,eucalypt.edge,NA,NA,AFM,37<U+00B0>22<U+0092>S,NA,NA,perpendicular,Wright,141<U+00B0>13<U+0092>E,NA,NA,Dergholm,NA,NA,NA,NA,NA,NA,NA,6,3,3,NA,NA,9,9,9,NA,Manaus,transect,transect,transect,NA,NA,Y,NA,8/20/2007,1/21/2008,Victoria,NA,NA,Y,"ANOVA, GLM.repeated.measures, stepwise.multiple.linear.regression","AT.VPD.higher.at.eucalypt.edges.generally.but.lower.during.non-winter.days, AT.VPD.depth.of.influence.40-50m, lower.magnitude.of.edge.influence.than.cool-temperate.rainforests, increased.WS.in.winter.into.woodland.from.ag.edge",every.10s,every.10s,NA,every.10s,NA,NA,NA,AT,RH,PAR,WS,VPD,NA,NA,Y,2010
70,NA,boreal.forest,NA,NA,boreal,0,"effect.of.fragment.size.on.microclimate, depth.of.edge.influence, NA, NA",Finland,NA,N,10m,variable,variable,variable,10m,spruce.forest,NA,NA,NA,humidity.and.temperature.meter.Vaisala.HM34,humidity.and.temperature.meter.Vaisala.HM34,NA,NA,NA,NA,NA,NA,NA,NA,community.ecology,plant,continuous.forest,small.fragment,medium.fragment,large.fragment,clearcut.regen.matrix,FEM,NA,NA,NA,perpendicular,Ylisirnio,NA,NA,NA,Taivalkoski,NA,NA,NA,NA,NA,NA,NA,6,11,5,4,11,20,variable,variable,variable,Manaus,transect,plots,plots,plots,transect,Y,NA,NA,NA,NA,NA,NA,Y,"ANOVA, generalized.additive.models, permutation.tests","RH.lowest.in.small.fragments.compared.to.controls, large.fragments.most.different.from.clearcut, no.AT.change.lower.RH.from.edge.to.interior.of.control.sites, NA",once.per.point,once.per.point,once.per.point,once.per.point,once.per.point,NA,NA,AT,RH,NA,NA,NA,NA,NA,N,2016
71,NA,temperate.broadleaf.forest,NA,NA,temperate,159,"microclimate.differences.between.edge.and.interior, edge.effects.changes.with.fragment.size, edge.effects.changes.with.orientation, NA",New.Zealand,NA,N,10m,50m,10m,NA,NA,mixed.podocarp.broadleaf.forest,NA,3/31/1987,9/30/1987,thermohygrometer,AT.and.RH,photochemical.light.meter,thermohygrometer,NA,NA,NA,NA,NA,NA,ecophysiology,abiotic,fragment.edge,fragment.interior,pasture,NA,NA,BC,NA,NA,NA,perpendicular,Young,NA,NA,NA,Rodney.Ecological.District,NA,NA,NA,NA,NA,NA,NA,5,5,10,NA,NA,variable,variable,variable,NA,Manaus,transect,transect,transect,NA,NA,Y,NA,3/1/1987,9/1/1987,Northland,NA,NA,Y,"deviations.from.mean.of.margin.values, NA, NA","PAR.stabilized.after.10m.into.forest, PAR.higher.at.N.than.S.edge, AT.VPD.stabilized.after.50m, winter.saw.breakdown.of.microclimate.gradients, N.edges.lacked.AT.VPD.gradients",once.per.transect,once.per.transect,NA,NA,NA,NA,NA,AT,VPD,PAR,RH,NA,NA,NA,Y,1994
