"","article.id","segment_n","just.dist","edge_age_years","season.f","matrix_type.f","edge_orient.f","percentrh_diff","percentsm_diff","percent_diff","percentPAR_diff","percentst_diff","percentVPD_diff","percentws_diff"
"1",1,NA,0,18,1,11,NA,-0.139292023574942,-0.329679953964361,NA,NA,NA,NA,NA
"2",1,NA,500,18,1,11,NA,0,0,NA,NA,NA,NA,NA
"3",7,"a",-10,NA,3,6,NA,-0.221199216928595,NA,0.2,NA,NA,NA,NA
"4",7,"a",60,NA,3,6,NA,0,NA,0,NA,NA,NA,NA
"5",7,"b",-10,NA,4,6,NA,-0.213372138933447,NA,0.19,NA,NA,NA,NA
"6",7,"b",60,NA,4,6,NA,0,NA,0,NA,NA,NA,NA
"7",7,"c",-10,NA,2,6,NA,-0.189415754029813,NA,0.19,NA,NA,NA,NA
"8",7,"c",60,NA,2,6,NA,0,NA,0,NA,NA,NA,NA
"9",7,"d",-10,NA,7,6,NA,-0.236620505663147,NA,0.35,NA,NA,NA,NA
"10",7,"d",60,NA,7,6,NA,0,NA,0,NA,NA,NA,NA
"11",8,"a",5,NA,NA,12,6,0,NA,-0.02,NA,NA,NA,NA
"12",8,"a",50,NA,NA,12,6,-0.00995016625083195,NA,0.01,NA,NA,NA,NA
"13",8,"a",100,NA,NA,12,6,0,NA,0,NA,NA,NA,NA
"14",8,"b",5,NA,NA,18,2,0.0100501670841681,NA,-0.01,NA,NA,NA,NA
"15",8,"b",50,NA,NA,18,2,0.0202013400267558,NA,0,NA,NA,NA,NA
"16",8,"b",100,NA,NA,18,2,0,NA,0,NA,NA,NA,NA
"17",8,"c",5,NA,NA,18,6,-0.0295544664514918,NA,-0.01,NA,NA,NA,NA
"18",8,"c",50,NA,NA,18,6,-0.00995016625083195,NA,-0.02,NA,NA,NA,NA
"19",8,"c",100,NA,NA,18,6,0,NA,0,NA,NA,NA,NA
"20",8,"d",5,NA,NA,10,6,-0.0198013266932447,NA,0.01,NA,NA,NA,NA
"21",8,"d",50,NA,NA,10,6,-0.0295544664514918,NA,0.02,NA,NA,NA,NA
"22",8,"d",100,NA,NA,10,6,0,NA,0,NA,NA,NA,NA
"23",10,NA,0,NA,3,NA,NA,-0.00995016625083195,NA,0,2.74,NA,NA,NA
"24",10,NA,120,NA,3,NA,NA,0,NA,0,0,NA,NA,NA
"25",12,"a",-10,NA,1,1,NA,-0.197481202037522,NA,0.13,NA,0.13,NA,NA
"26",12,"a",0,NA,1,1,NA,-0.048770575499286,NA,0.05,NA,0.04,NA,NA
"27",12,"a",30,NA,1,1,NA,0,NA,0,NA,0,NA,NA
"28",12,"b",-10,NA,1,1,NA,-0.221199216928595,NA,0.11,NA,0.12,NA,NA
"29",12,"b",0,NA,1,1,NA,-0.121904569079439,NA,0.04,NA,0.05,NA,NA
"30",12,"b",30,NA,1,1,NA,0,NA,0,NA,0,NA,NA
"31",12,"c",-10,NA,1,1,NA,-0.228948414196434,NA,0.12,NA,0.15,NA,NA
"32",12,"c",0,NA,1,1,NA,-0.0768836536133642,NA,0.03,NA,0.02,NA,NA
"33",12,"c",30,NA,1,1,NA,0,NA,0,NA,0,NA,NA
"34",13,NA,0,NA,6,16,NA,-0.0392105608476768,NA,0.06,NA,NA,NA,0.6
"35",13,NA,10,NA,6,16,NA,0.0100501670841681,NA,0.02,NA,NA,NA,0.02
"36",13,NA,20,NA,6,16,NA,-0.00995016625083195,NA,0.01,NA,NA,NA,0
"37",13,NA,30,NA,6,16,NA,0,NA,0,NA,NA,NA,-0.17
"38",13,NA,40,NA,6,16,NA,0,NA,0,NA,NA,NA,0.09
"39",13,NA,50,NA,6,16,NA,0,NA,0,NA,NA,NA,0
"40",14,NA,0,NA,1,11,NA,-0.113079563282842,NA,0.04,NA,0.02,NA,NA
"41",14,NA,40,NA,1,11,NA,-0.0860688147287718,NA,0.04,NA,0,NA,NA
"42",14,NA,80,NA,1,11,NA,-0.048770575499286,NA,0,NA,0,NA,NA
"43",14,NA,120,NA,1,11,NA,-0.00995016625083195,NA,0,NA,0,NA,NA
"44",14,NA,160,NA,1,11,NA,0,NA,0,NA,0,NA,NA
"45",15,"a",-10,5,4,5,6,NA,NA,0.19,NA,NA,0.12,NA
"46",15,"a",0,5,4,5,6,NA,NA,0.33,NA,NA,0.14,NA
"47",15,"a",5,5,4,5,6,NA,NA,0.18,NA,NA,0.1,NA
"48",15,"a",10,5,4,5,6,NA,NA,0.11,NA,NA,0.09,NA
"49",15,"a",20,5,4,5,6,NA,NA,0.05,NA,NA,0.07,NA
"50",15,"a",30,5,4,5,6,NA,NA,0.02,NA,NA,0.04,NA
"51",15,"a",40,5,4,5,6,NA,NA,0,NA,NA,0.03,NA
"52",15,"a",50,5,4,5,6,NA,NA,0,NA,NA,0,NA
"53",15,"b",-10,5,4,5,2,NA,NA,0.43,NA,NA,0.29,NA
"54",15,"b",0,5,4,5,2,NA,NA,-0.04,NA,NA,0.11,NA
"55",15,"b",5,5,4,5,2,NA,NA,0.09,NA,NA,0.11,NA
"56",15,"b",10,5,4,5,2,NA,NA,0,NA,NA,0.07,NA
"57",15,"b",20,5,4,5,2,NA,NA,-0.03,NA,NA,0.06,NA
"58",15,"b",30,5,4,5,2,NA,NA,-0.03,NA,NA,0.04,NA
"59",15,"b",40,5,4,5,2,NA,NA,-0.03,NA,NA,0,NA
"60",15,"b",50,5,4,5,2,NA,NA,0,NA,NA,0,NA
"61",15,"c",-10,NA,4,5,6,NA,NA,0.2,NA,NA,0.07,NA
"62",15,"c",0,NA,4,5,6,NA,NA,-0.02,NA,NA,0.03,NA
"63",15,"c",5,NA,4,5,6,NA,NA,-0.03,NA,NA,0.03,NA
"64",15,"c",10,NA,4,5,6,NA,NA,-0.02,NA,NA,0.02,NA
"65",15,"c",20,NA,4,5,6,NA,NA,-0.01,NA,NA,0,NA
"66",15,"c",30,NA,4,5,6,NA,NA,-0.02,NA,NA,0.03,NA
"67",15,"c",40,NA,4,5,6,NA,NA,-0.02,NA,NA,0.01,NA
"68",15,"c",50,NA,4,5,6,NA,NA,0,NA,NA,0,NA
"69",15,"d",-10,NA,4,21,2,NA,NA,0.22,NA,NA,0.25,NA
"70",15,"d",0,NA,4,21,2,NA,NA,0.02,NA,NA,0.05,NA
"71",15,"d",5,NA,4,21,2,NA,NA,0.03,NA,NA,0.03,NA
"72",15,"d",10,NA,4,21,2,NA,NA,0.01,NA,NA,0.01,NA
"73",15,"d",20,NA,4,21,2,NA,NA,0.01,NA,NA,0,NA
"74",15,"d",30,NA,4,21,2,NA,NA,0,NA,NA,0,NA
"75",15,"d",40,NA,4,21,2,NA,NA,0.01,NA,NA,0.01,NA
"76",15,"d",50,NA,4,21,2,NA,NA,0,NA,NA,0,NA
"77",19,"a",-10,19,4,NA,NA,NA,NA,-0.02,NA,NA,NA,NA
"78",19,"a",-5,19,4,NA,NA,NA,NA,-0.01,NA,NA,NA,NA
"79",19,"a",0,19,4,NA,NA,NA,NA,-0.01,NA,NA,NA,NA
"80",19,"a",5,19,4,NA,NA,NA,NA,-0.02,NA,NA,NA,NA
"81",19,"a",10,19,4,NA,NA,NA,NA,-0.01,NA,NA,NA,NA
"82",19,"a",20,19,4,NA,NA,NA,NA,-0.01,NA,NA,NA,NA
"83",19,"a",30,19,4,NA,NA,NA,NA,0,NA,NA,NA,NA
"84",19,"b",-10,4,4,NA,NA,NA,NA,0.07,NA,NA,NA,NA
"85",19,"b",-5,4,4,NA,NA,NA,NA,0.06,NA,NA,NA,NA
"86",19,"b",0,4,4,NA,NA,NA,NA,0.05,NA,NA,NA,NA
"87",19,"b",5,4,4,NA,NA,NA,NA,0.04,NA,NA,NA,NA
"88",19,"b",10,4,4,NA,NA,NA,NA,0.03,NA,NA,NA,NA
"89",19,"b",20,4,4,NA,NA,NA,NA,0.01,NA,NA,NA,NA
"90",19,"b",30,4,4,NA,NA,NA,NA,0,NA,NA,NA,NA
"91",20,NA,0,NA,NA,NA,NA,-0.0951625819640404,NA,-0.07,NA,NA,NA,NA
"92",20,NA,50,NA,NA,NA,NA,0,NA,0,NA,NA,NA,NA
"93",24,NA,-10,NA,1,11,6,-0.0392105608476768,NA,0.03,NA,0.29,NA,NA
"94",24,NA,0,NA,1,11,6,-0.0768836536133642,NA,-0.01,NA,-0.1,NA,NA
"95",24,NA,10,NA,1,11,6,-0.0768836536133642,NA,-0.02,NA,-0.12,NA,NA
"96",24,NA,25,NA,1,11,6,-0.0582354664157513,NA,0.02,NA,-0.04,NA,NA
"97",24,NA,40,NA,1,11,6,-0.048770575499286,NA,0,NA,-0.06,NA,NA
"98",24,NA,55,NA,1,11,6,-0.0582354664157513,NA,0.03,NA,-0.08,NA,NA
"99",24,NA,70,NA,1,11,6,-0.0295544664514918,NA,0.01,NA,-0.12,NA,NA
"100",24,NA,85,NA,1,11,6,0,NA,0,NA,0,NA,NA
"101",25,NA,0,NA,NA,7,NA,NA,0.0408107741923882,0.08,NA,0.11,NA,1.08
"102",25,NA,30,NA,NA,7,NA,NA,0.0304545339535169,0.06,NA,0.05,NA,0.74
"103",25,NA,60,NA,NA,7,NA,NA,-0.0295544664514918,0.07,NA,0.05,NA,-0.42
"104",25,NA,90,NA,NA,7,NA,NA,-0.048770575499286,0.07,NA,0.07,NA,-0.39
"105",25,NA,120,NA,NA,7,NA,NA,0.0304545339535169,0.01,NA,0.01,NA,-0.61
"106",25,NA,150,NA,NA,7,NA,NA,0,0,NA,0,NA,0
"107",30,"a",-10,0.5,4,5,4,-0.0198013266932447,1.69123447234926,0.04,8.35,0.1,NA,NA
"108",30,"a",-5,0.5,4,5,4,0.0304545339535169,0.19721736312181,0.02,3.67,0.02,NA,NA
"109",30,"a",0,0.5,4,5,4,0.0408107741923882,0.377127764335957,-0.01,0.26,-0.01,NA,NA
"110",30,"a",5,0.5,4,5,4,0.0408107741923882,0.0202013400267558,0,1,-0.01,NA,NA
"111",30,"a",10,0.5,4,5,4,0.0408107741923882,0.349858807576003,0,0.75,0,NA,NA
"112",30,"a",15,NA,NA,NA,NA,NA,NA,NA,0.88,NA,NA,NA
"113",30,"a",20,0.5,4,5,4,0.0100501670841681,0.271249150321405,-0.01,0.79,0.01,NA,NA
"114",30,"a",25,NA,NA,NA,NA,NA,NA,NA,0.34,NA,NA,NA
"115",30,"a",30,0.5,4,5,4,0,0,0,-0.19,0,NA,NA
"116",30,"a",35,NA,NA,NA,NA,NA,NA,NA,0,NA,NA,NA
"117",30,"b",-10,0.5,4,9,5,-0.189415754029813,0.786038430750073,0.19,19.2,0.23,NA,NA
"118",30,"b",-5,0.5,4,9,5,-0.121904569079439,0.323129812337437,0.1,15.1,0.21,NA,NA
"119",30,"b",0,0.5,4,9,5,-0.048770575499286,0.105170918075648,-0.03,0.19,0.03,NA,NA
"120",30,"b",5,0.5,4,9,5,0.0202013400267558,0.051271096376024,-0.02,1.03,0.01,NA,NA
"121",30,"b",10,0.5,4,9,5,0.0100501670841681,0.051271096376024,-0.04,0.35,0.01,NA,NA
"122",30,"b",15,0.5,4,9,5,-0.0295544664514918,0.271249150321405,-0.02,0.51,0,NA,NA
"123",30,"b",20,NA,NA,NA,NA,NA,NA,NA,-0.72,NA,NA,NA
"124",30,"b",25,0.5,4,9,5,-0.0198013266932447,0.858928041846342,-0.03,-0.78,0,NA,NA
"125",30,"b",30,NA,NA,NA,NA,NA,NA,NA,-0.81,NA,NA,NA
"126",30,"b",35,0.5,4,9,5,0,0,0,0,NA,NA,NA
"127",31,NA,0,NA,5,NA,NA,NA,NA,0.06,NA,NA,NA,NA
"128",31,NA,5,NA,5,NA,NA,NA,NA,0.02,NA,NA,NA,NA
"129",31,NA,10,NA,5,NA,NA,NA,NA,0.01,NA,NA,NA,NA
"130",31,NA,15,NA,5,NA,NA,NA,NA,0.01,NA,NA,NA,NA
"131",31,NA,20,NA,5,NA,NA,NA,NA,0,NA,NA,NA,NA
"132",31,NA,25,NA,5,NA,NA,NA,NA,0.02,NA,NA,NA,NA
"133",31,NA,35,NA,5,NA,NA,NA,NA,0.03,NA,NA,NA,NA
"134",31,NA,45,NA,5,NA,NA,NA,NA,0.03,NA,NA,NA,NA
"135",31,NA,55,NA,5,NA,NA,NA,NA,0.02,NA,NA,NA,NA
"136",31,NA,65,NA,5,NA,NA,NA,NA,0.01,NA,NA,NA,NA
"137",31,NA,75,NA,5,NA,NA,NA,NA,0.02,NA,NA,NA,NA
"138",31,NA,90,NA,5,NA,NA,NA,NA,0.01,NA,NA,NA,NA
"139",31,NA,105,NA,5,NA,NA,NA,NA,0,NA,NA,NA,NA
"140",31,NA,120,NA,5,NA,NA,NA,NA,0.02,NA,NA,NA,NA
"141",31,NA,135,NA,5,NA,NA,NA,NA,0,NA,NA,NA,NA
"142",31,NA,150,NA,5,NA,NA,NA,NA,0,NA,NA,NA,NA
"143",32,NA,-10,15,4,3,NA,-0.104165864703472,-0.113079563282842,0.04,NA,0.32,0.56,6.73
"144",32,NA,0,15,4,3,NA,NA,NA,0.06,NA,NA,NA,2.73
"145",32,NA,10,NA,NA,NA,NA,-0.0392105608476768,0.105170918075648,NA,NA,0.23,0.44,NA
"146",32,NA,250,15,4,3,NA,0,0,0,NA,0,0,0
"147",34,NA,-5,20,1,NA,NA,-0.113079563282842,NA,0.07,NA,NA,NA,NA
"148",34,NA,0,20,1,NA,NA,-0.0768836536133642,NA,0.04,NA,NA,NA,NA
"149",34,NA,30,20,1,NA,NA,0,NA,0,NA,NA,NA,NA
"150",37,NA,-10,90,NA,11,NA,NA,NA,0.84,NA,0.57,5.25,5.22
"151",37,NA,-5,90,NA,11,NA,NA,NA,0.77,NA,0.66,5.6,3.78
"152",37,NA,0,90,NA,11,NA,NA,NA,0.51,NA,0.34,3.6,4.44
"153",37,NA,5,90,NA,11,NA,NA,NA,0.35,NA,-0.08,2.81,0.5
"154",37,NA,10,90,NA,11,NA,NA,NA,0.21,NA,0.1,2.27,1.39
"155",37,NA,20,90,NA,11,NA,NA,NA,0.1,NA,0.09,1.87,0.39
"156",37,NA,40,90,NA,11,NA,NA,NA,-0.02,NA,0.1,-0.06,0
"157",37,NA,80,90,NA,11,NA,NA,NA,0,NA,0,0,0
"158",38,"a",-3,NA,3,NA,NA,NA,NA,0.21,NA,0.72,NA,NA
"159",38,"a",-1,NA,3,NA,NA,NA,NA,0.25,NA,0.78,NA,NA
"160",38,"a",1,NA,3,NA,NA,NA,NA,0.17,NA,0.18,NA,NA
"161",38,"a",3,NA,3,NA,NA,NA,NA,0.07,NA,0.05,NA,NA
"162",38,"a",6,NA,3,NA,NA,NA,NA,0.06,NA,0.02,NA,NA
"163",38,"a",10,NA,3,NA,NA,NA,NA,0.06,NA,0.02,NA,NA
"164",38,"a",20,NA,3,NA,NA,NA,NA,0.03,NA,0.01,NA,NA
"165",38,"a",40,NA,3,NA,NA,NA,NA,0.03,NA,0,NA,NA
"166",38,"a",60,NA,3,NA,NA,NA,NA,0.04,NA,0,NA,NA
"167",38,"a",100,NA,3,NA,NA,NA,NA,0,NA,0,NA,NA
"168",38,"b",-3,NA,3,NA,NA,NA,NA,0.12,NA,0.85,NA,NA
"169",38,"b",-1,NA,3,NA,NA,NA,NA,0.15,NA,0.78,NA,NA
"170",38,"b",1,NA,3,NA,NA,NA,NA,0.16,NA,0.23,NA,NA
"171",38,"b",3,NA,3,NA,NA,NA,NA,0.04,NA,0.19,NA,NA
"172",38,"b",6,NA,3,NA,NA,NA,NA,0.05,NA,0.01,NA,NA
"173",38,"b",10,NA,3,NA,NA,NA,NA,0.04,NA,0.05,NA,NA
"174",38,"b",20,NA,3,NA,NA,NA,NA,0.05,NA,0.04,NA,NA
"175",38,"b",40,NA,3,NA,NA,NA,NA,0.07,NA,0.1,NA,NA
"176",38,"b",60,NA,3,NA,NA,NA,NA,0.03,NA,-0.06,NA,NA
"177",38,"b",100,NA,3,NA,NA,NA,NA,0,NA,0,NA,NA
"178",40,NA,0,NA,1,NA,NA,-0.0768836536133642,-0.139292023574942,0.04,NA,0.04,NA,NA
"179",40,NA,40,NA,1,NA,NA,0,0,0,NA,0,NA,NA
"180",41,"a",0,NA,NA,17,NA,NA,NA,0.03,NA,NA,NA,NA
"181",41,"a",120,NA,NA,17,NA,NA,NA,0,NA,NA,NA,NA
"182",41,"b",0,NA,NA,17,NA,NA,NA,0.13,NA,NA,NA,NA
"183",41,"b",120,NA,NA,17,NA,NA,NA,0,NA,NA,NA,NA
"184",41,"c",0,NA,NA,8,NA,NA,NA,-0.05,NA,NA,NA,NA
"185",41,"c",120,NA,NA,8,NA,NA,NA,0,NA,NA,NA,NA
"186",41,"d",0,NA,NA,11,NA,NA,NA,0.08,NA,NA,NA,NA
"187",41,"d",120,NA,NA,11,NA,NA,NA,0,NA,NA,NA,NA
"188",41,"e",0,NA,NA,11,NA,NA,NA,0.06,NA,NA,NA,NA
"189",41,"e",120,NA,NA,11,NA,NA,NA,0,NA,NA,NA,NA
"190",41,"f",0,NA,NA,17,NA,NA,NA,0,NA,NA,NA,NA
"191",41,"f",120,NA,NA,17,NA,NA,NA,0,NA,NA,NA,NA
"192",41,"g",0,NA,NA,8,NA,NA,NA,0.02,NA,NA,NA,NA
"193",41,"g",120,NA,NA,8,NA,NA,NA,0,NA,NA,NA,NA
"194",41,"h",0,NA,NA,1,NA,NA,NA,-0.06,NA,NA,NA,NA
"195",41,"h",120,NA,NA,1,NA,NA,NA,0,NA,NA,NA,NA
"196",41,"i",0,NA,NA,1,NA,NA,NA,0.01,NA,NA,NA,NA
"197",41,"i",120,NA,NA,1,NA,NA,NA,0,NA,NA,NA,NA
"198",41,"j",0,NA,NA,4,NA,NA,NA,0.05,NA,NA,NA,NA
"199",41,"j",120,NA,NA,4,NA,NA,NA,0,NA,NA,NA,NA
"200",41,"k",0,NA,NA,4,NA,NA,NA,-0.04,NA,NA,NA,NA
"201",41,"k",120,NA,NA,4,NA,NA,NA,0,NA,NA,NA,NA
"202",43,"1",0,0,NA,1,1,-0.00995016625083195,-0.173040866056638,0.02,NA,NA,NA,NA
"203",43,"1",2,0,NA,1,1,0.0202013400267558,-0.0860688147287718,0.01,NA,NA,NA,NA
"204",43,"1",5,0,NA,1,1,0.0100501670841681,-0.104165864703472,0.01,NA,NA,NA,NA
"205",43,"1",10,0,NA,1,1,0.0100501670841681,-0.0768836536133642,0.01,NA,NA,NA,NA
"206",43,"1",15,0,NA,1,1,0.051271096376024,-0.0392105608476768,0.01,NA,NA,NA,NA
"207",43,"1",25,0,NA,1,1,0.0408107741923882,0.39096812846378,0.01,NA,NA,NA,NA
"208",43,"1",40,0,NA,1,1,0.0100501670841681,0.0304545339535169,0.01,NA,NA,NA,NA
"209",43,"1",60,0,NA,1,1,-0.0392105608476768,-0.104165864703472,0,NA,NA,NA,NA
"210",43,"1",80,0,NA,1,1,0.0100501670841681,0.0832870676749586,0,NA,NA,NA,NA
"211",43,"1",100,0,NA,1,1,0.0100501670841681,-0.048770575499286,0,NA,NA,NA,NA
"212",43,"1",175,0,NA,1,1,0,0,0,NA,NA,NA,NA
"213",43,"2",0,0,NA,1,6,-0.156335183403616,-0.197481202037522,-0.02,NA,NA,NA,NA
"214",43,"2",2,0,NA,1,6,-0.147856211033789,-0.0582354664157513,-0.02,NA,NA,NA,NA
"215",43,"2",5,0,NA,1,6,-0.173040866056638,-0.00995016625083195,-0.02,NA,NA,NA,NA
"216",43,"2",10,0,NA,1,6,-0.147856211033789,0.185304851320366,-0.02,NA,NA,NA,NA
"217",43,"2",15,0,NA,1,6,-0.130641764601194,0.150273798857227,-0.01,NA,NA,NA,NA
"218",43,"2",25,0,NA,1,6,-0.130641764601194,0.150273798857227,-0.01,NA,NA,NA,NA
"219",43,"2",40,0,NA,1,6,-0.121904569079439,-0.104165864703472,0,NA,NA,NA,NA
"220",43,"2",60,0,NA,1,6,-0.113079563282842,-0.0768836536133642,-0.01,NA,NA,NA,NA
"221",43,"2",80,0,NA,1,6,-0.104165864703472,-0.0768836536133642,0,NA,NA,NA,NA
"222",43,"2",100,0,NA,1,6,-0.104165864703472,-0.236620505663147,-0.01,NA,NA,NA,NA
"223",43,"2",175,0,NA,1,6,0,0,0,NA,NA,NA,NA
"224",43,"3",0,0,NA,1,8,-0.197481202037522,-0.393469340287367,0.04,NA,NA,NA,NA
"225",43,"3",2,0,NA,1,8,-0.189415754029813,-0.393469340287367,0.03,NA,NA,NA,NA
"226",43,"3",5,0,NA,1,8,-0.181269246922018,-0.342953180184943,0.03,NA,NA,NA,NA
"227",43,"3",10,0,NA,1,8,-0.181269246922018,-0.302323673928969,0.03,NA,NA,NA,NA
"228",43,"3",15,0,NA,1,8,-0.164729788588728,-0.316138590787644,0.02,NA,NA,NA,NA
"229",43,"3",25,0,NA,1,8,-0.139292023574942,-0.322943125501835,0.02,NA,NA,NA,NA
"230",43,"3",40,0,NA,1,8,-0.113079563282842,-0.251736432421435,0.01,NA,NA,NA,NA
"231",43,"3",60,0,NA,1,8,-0.0768836536133642,-0.113079563282842,0.01,NA,NA,NA,NA
"232",43,"3",80,0,NA,1,8,-0.0768836536133642,-0.173040866056638,0.02,NA,NA,NA,NA
"233",43,"3",100,0,NA,1,8,-0.0582354664157513,-0.251736432421435,0.01,NA,NA,NA,NA
"234",43,"3",175,0,NA,1,8,0,0,0,NA,NA,NA,NA
"235",43,"4",0,0,NA,1,1,-0.0295544664514918,-0.259181779318282,0,NA,NA,NA,NA
"236",43,"4",2,0,NA,1,1,0.0100501670841681,-0.213372138933447,0.01,NA,NA,NA,NA
"237",43,"4",5,0,NA,1,1,0.0202013400267558,-0.0860688147287718,0.01,NA,NA,NA,NA
"238",43,"4",10,0,NA,1,1,-0.00995016625083195,-0.0582354664157513,0.01,NA,NA,NA,NA
"239",43,"4",15,0,NA,1,1,0.0202013400267558,0.0202013400267558,0,NA,NA,NA,NA
"240",43,"4",25,0,NA,1,1,0.0100501670841681,0.0304545339535169,0,NA,NA,NA,NA
"241",43,"4",40,0,NA,1,1,0.0618365465453596,0,-0.01,NA,NA,NA,NA
"242",43,"4",60,0,NA,1,1,0.051271096376024,0.051271096376024,-0.02,NA,NA,NA,NA
"243",43,"4",80,0,NA,1,1,0.0618365465453596,-0.113079563282842,0,NA,NA,NA,NA
"244",43,"4",100,0,NA,1,1,0.116278070458871,0.233678059956743,-0.01,NA,NA,NA,NA
"245",43,"4",175,0,NA,1,1,0,0,0,NA,NA,NA,NA
"246",43,"5",0,0,NA,1,2,-0.121904569079439,-0.329679953964361,0,NA,NA,NA,NA
"247",43,"5",2,0,NA,1,2,-0.048770575499286,-0.316138590787644,-0.02,NA,NA,NA,NA
"248",43,"5",5,0,NA,1,2,-0.0582354664157513,-0.28822967723739,-0.03,NA,NA,NA,NA
"249",43,"5",10,0,NA,1,2,-0.0392105608476768,-0.251736432421435,-0.04,NA,NA,NA,NA
"250",43,"5",15,0,NA,1,2,-0.0676061800940518,-0.221199216928595,-0.03,NA,NA,NA,NA
"251",43,"5",25,0,NA,1,2,0.0408107741923882,-0.147856211033789,-0.03,NA,NA,NA,NA
"252",43,"5",40,0,NA,1,2,0.0304545339535169,-0.0392105608476768,-0.03,NA,NA,NA,NA
"253",43,"5",60,0,NA,1,2,0.0725081812542165,-0.0768836536133642,-0.03,NA,NA,NA,NA
"254",43,"5",80,0,NA,1,2,0.0725081812542165,-0.139292023574942,-0.03,NA,NA,NA,NA
"255",43,"5",100,0,NA,1,2,0.0941742837052104,-0.0392105608476768,-0.02,NA,NA,NA,NA
"256",43,"5",175,0,NA,1,2,0,0,0,NA,NA,NA,NA
"257",43,"6",0,0,NA,1,8,-0.0198013266932447,NA,0.02,NA,NA,NA,NA
"258",43,"6",2,0,NA,1,8,-0.0392105608476768,NA,0.01,NA,NA,NA,NA
"259",43,"6",5,0,NA,1,8,-0.0198013266932447,NA,0,NA,NA,NA,NA
"260",43,"6",10,0,NA,1,8,0,-0.0860688147287718,0,NA,NA,NA,NA
"261",43,"6",15,0,NA,1,8,0,-0.0951625819640404,-0.01,NA,NA,NA,NA
"262",43,"6",25,0,NA,1,8,0,-0.0198013266932447,0,NA,NA,NA,NA
"263",43,"6",40,0,NA,1,8,0.0100501670841681,0.150273798857227,0,NA,NA,NA,NA
"264",43,"6",60,0,NA,1,8,0.0304545339535169,0.185304851320366,0.02,NA,NA,NA,NA
"265",43,"6",80,0,NA,1,8,0.0202013400267558,0.161834242728283,0.01,NA,NA,NA,NA
"266",43,"6",100,0,NA,1,8,0.0202013400267558,-0.244216258544275,0,NA,NA,NA,NA
"267",43,"6",175,0,NA,1,8,0,0,0,NA,NA,NA,NA
"268",43,"a",0,0,NA,1,2,-0.0295544664514918,-0.213372138933447,0.03,NA,NA,NA,NA
"269",43,"a",2,0,NA,1,2,-0.0198013266932447,-0.236620505663147,0.03,NA,NA,NA,NA
"270",43,"a",5,0,NA,1,2,-0.0198013266932447,-0.221199216928595,0.04,NA,NA,NA,NA
"271",43,"a",10,0,NA,1,2,0,-0.228948414196434,0.03,NA,NA,NA,NA
"272",43,"a",15,0,NA,1,2,-0.0198013266932447,-0.104165864703472,0.02,NA,NA,NA,NA
"273",43,"a",25,0,NA,1,2,-0.00995016625083195,-0.121904569079439,0.02,NA,NA,NA,NA
"274",43,"a",40,0,NA,1,2,0,-0.048770575499286,0.02,NA,NA,NA,NA
"275",43,"a",60,0,NA,1,2,0.0202013400267558,-0.173040866056638,0.02,NA,NA,NA,NA
"276",43,"a",80,0,NA,1,2,0.0304545339535169,-0.147856211033789,0.02,NA,NA,NA,NA
"277",43,"a",100,0,NA,1,2,0.0304545339535169,-0.0676061800940518,0.01,NA,NA,NA,NA
"278",43,"a",175,0,NA,1,2,0,0,0,NA,NA,NA,NA
"279",43,"b",0,0,NA,1,6,-0.0951625819640404,-0.266553043775711,0.13,NA,NA,NA,NA
"280",43,"b",2,0,NA,1,6,-0.104165864703472,-0.205466397496666,0.04,NA,NA,NA,NA
"281",43,"b",5,0,NA,1,6,-0.0582354664157513,-0.302323673928969,0.01,NA,NA,NA,NA
"282",43,"b",10,0,NA,1,6,-0.0198013266932447,NA,0.01,NA,NA,NA,NA
"283",43,"b",15,0,NA,1,6,-0.00995016625083195,-0.164729788588728,0,NA,NA,NA,NA
"284",43,"b",25,0,NA,1,6,-0.0198013266932447,NA,-0.01,NA,NA,NA,NA
"285",43,"b",40,0,NA,1,6,-0.0392105608476768,-0.139292023574942,-0.01,NA,NA,NA,NA
"286",43,"b",60,0,NA,1,6,-0.0198013266932447,-0.173040866056638,-0.02,NA,NA,NA,NA
"287",43,"b",80,0,NA,1,6,-0.0198013266932447,-0.0392105608476768,-0.02,NA,NA,NA,NA
"288",43,"b",100,0,NA,1,6,0.0304545339535169,-0.281076266568074,-0.02,NA,NA,NA,NA
"289",43,"b",175,0,NA,1,6,0,0,0,NA,NA,NA,NA
"290",44,NA,0,NA,NA,5,NA,NA,NA,NA,NA,NA,NA,NA
"291",44,NA,2,NA,NA,5,NA,NA,NA,NA,NA,NA,NA,NA
"292",44,NA,7,NA,NA,5,NA,NA,NA,NA,NA,NA,NA,NA
"293",44,NA,12,NA,NA,5,NA,NA,NA,NA,NA,NA,NA,NA
"294",44,NA,17,NA,NA,5,NA,NA,NA,NA,NA,NA,NA,NA
"295",44,NA,22,NA,NA,5,NA,NA,NA,NA,NA,NA,NA,NA
"296",44,NA,27,NA,NA,5,NA,NA,NA,NA,NA,NA,NA,NA
"297",44,NA,33,NA,NA,5,NA,NA,NA,NA,NA,NA,NA,NA
"298",44,NA,37,NA,NA,5,NA,NA,NA,NA,NA,NA,NA,NA
"299",44,NA,42,NA,NA,5,NA,NA,NA,NA,NA,NA,NA,NA
"300",44,NA,47,NA,NA,5,NA,NA,NA,NA,NA,NA,NA,NA
"301",44,NA,53,NA,NA,5,NA,NA,NA,NA,NA,NA,NA,NA
"302",44,NA,57,NA,NA,5,NA,NA,NA,NA,NA,NA,NA,NA
"303",44,NA,62,NA,NA,5,NA,NA,NA,NA,NA,NA,NA,NA
"304",44,NA,68,NA,NA,5,NA,NA,NA,NA,NA,NA,NA,NA
"305",44,NA,72,NA,NA,5,NA,NA,NA,NA,NA,NA,NA,NA
"306",44,NA,77,NA,NA,5,NA,NA,NA,NA,NA,NA,NA,NA
"307",45,"1",-10,7,4,2,7,NA,NA,0.14,NA,0.31,NA,NA
"308",45,"1",-5,7,4,2,7,NA,NA,0.13,NA,0.21,NA,NA
"309",45,"1",0,7,4,2,7,NA,NA,0.16,NA,0.43,NA,NA
"310",45,"1",5,7,4,2,7,NA,NA,0.11,NA,0.47,NA,NA
"311",45,"1",10,7,4,2,7,NA,NA,0.1,NA,0.34,NA,NA
"312",45,"1",15,7,4,2,7,NA,NA,0.07,NA,0.27,NA,NA
"313",45,"1",20,7,4,2,7,NA,NA,0.07,NA,0.13,NA,NA
"314",45,"1",30,7,4,2,7,NA,NA,0.05,NA,0.07,NA,NA
"315",45,"1",40,7,4,2,7,NA,NA,0.03,NA,0.04,NA,NA
"316",45,"1",56,7,4,2,7,NA,NA,0,NA,0,NA,NA
"317",45,"2",-10,7,4,2,3,NA,NA,0.13,NA,0.19,NA,NA
"318",45,"2",-5,7,4,2,3,NA,NA,0.09,NA,0.12,NA,NA
"319",45,"2",0,7,4,2,3,NA,NA,0.09,NA,0.16,NA,NA
"320",45,"2",5,7,4,2,3,NA,NA,0.07,NA,0.12,NA,NA
"321",45,"2",10,7,4,2,3,NA,NA,0.03,NA,0.08,NA,NA
"322",45,"2",15,7,4,2,3,NA,NA,0.04,NA,0.07,NA,NA
"323",45,"2",20,7,4,2,3,NA,NA,0.03,NA,0.09,NA,NA
"324",45,"2",30,7,4,2,3,NA,NA,0.05,NA,0.05,NA,NA
"325",45,"2",40,7,4,2,3,NA,NA,0.03,NA,0.03,NA,NA
"326",45,"2",56,7,4,2,3,NA,NA,0,NA,0,NA,NA
"327",45,"3",-10,7,4,2,7,NA,NA,0.06,NA,0.06,NA,NA
"328",45,"3",-5,7,4,2,7,NA,NA,0.05,NA,0.15,NA,NA
"329",45,"3",0,7,4,2,7,NA,NA,0.06,NA,0.28,NA,NA
"330",45,"3",5,7,4,2,7,NA,NA,0.05,NA,0.23,NA,NA
"331",45,"3",10,7,4,2,7,NA,NA,0.03,NA,0.42,NA,NA
"332",45,"3",15,7,4,2,7,NA,NA,0.02,NA,0.3,NA,NA
"333",45,"3",20,7,4,2,7,NA,NA,0,NA,0.2,NA,NA
"334",45,"3",30,7,4,2,7,NA,NA,-0.01,NA,0.15,NA,NA
"335",45,"3",40,7,4,2,7,NA,NA,0.01,NA,0.09,NA,NA
"336",45,"3",56,7,4,2,7,NA,NA,0,NA,0,NA,NA
"337",45,"a",-10,7,4,2,3,NA,NA,0.07,NA,0.18,NA,NA
"338",45,"a",-5,7,4,2,3,NA,NA,0.05,NA,0.11,NA,NA
"339",45,"a",0,7,4,2,3,NA,NA,0.05,NA,0.22,NA,NA
"340",45,"a",5,7,4,2,3,NA,NA,0.01,NA,0.03,NA,NA
"341",45,"a",10,7,4,2,3,NA,NA,0,NA,-0.01,NA,NA
"342",45,"a",15,7,4,2,3,NA,NA,0,NA,0.02,NA,NA
"343",45,"a",20,7,4,2,3,NA,NA,-0.01,NA,0.01,NA,NA
"344",45,"a",30,7,4,2,3,NA,NA,-0.01,NA,-0.07,NA,NA
"345",45,"a",40,7,4,2,3,NA,NA,-0.02,NA,-0.01,NA,NA
"346",45,"a",56,7,4,2,3,NA,NA,0,NA,0,NA,NA
"347",45,"b",-10,7,4,2,7,NA,NA,0.1,NA,0.09,NA,NA
"348",45,"b",-5,7,4,2,7,NA,NA,0.09,NA,0.12,NA,NA
"349",45,"b",0,7,4,2,7,NA,NA,0.11,NA,0.16,NA,NA
"350",45,"b",5,7,4,2,7,NA,NA,0.12,NA,0.05,NA,NA
"351",45,"b",10,7,4,2,7,NA,NA,0.12,NA,0.18,NA,NA
"352",45,"b",15,7,4,2,7,NA,NA,0.07,NA,0.2,NA,NA
"353",45,"b",20,7,4,2,7,NA,NA,0.03,NA,0.13,NA,NA
"354",45,"b",30,7,4,2,7,NA,NA,0.04,NA,0.13,NA,NA
"355",45,"b",40,7,4,2,7,NA,NA,0.01,NA,0.04,NA,NA
"356",45,"b",56,7,4,2,7,NA,NA,0,NA,0,NA,NA
"357",45,"c",-10,7,4,2,3,NA,NA,0.03,NA,0.03,NA,NA
"358",45,"c",-5,7,4,2,3,NA,NA,0.05,NA,0.22,NA,NA
"359",45,"c",0,7,4,2,3,NA,NA,0.04,NA,0.04,NA,NA
"360",45,"c",5,7,4,2,3,NA,NA,0.04,NA,0.02,NA,NA
"361",45,"c",10,7,4,2,3,NA,NA,0.04,NA,0.01,NA,NA
"362",45,"c",15,7,4,2,3,NA,NA,0.02,NA,0.04,NA,NA
"363",45,"c",20,7,4,2,3,NA,NA,0.01,NA,-0.05,NA,NA
"364",45,"c",30,7,4,2,3,NA,NA,0,NA,-0.07,NA,NA
"365",45,"c",40,7,4,2,3,NA,NA,-0.01,NA,-0.06,NA,NA
"366",45,"c",56,7,4,2,3,NA,NA,0,NA,0,NA,NA
"367",47,"1",-5,NA,6,17,4,-0.213372138933447,NA,0.14,NA,NA,4.92,NA
"368",47,"1",-2,NA,6,17,4,-0.139292023574942,NA,0.06,NA,NA,2.5,NA
"369",47,"1",0,NA,6,17,4,-0.0768836536133642,NA,0.04,NA,NA,1.42,NA
"370",47,"1",2,NA,6,17,4,-0.0582354664157513,NA,0.02,NA,NA,1.25,NA
"371",47,"1",5,NA,6,17,4,-0.0582354664157513,NA,0.02,NA,NA,1.25,NA
"372",47,"1",10,NA,6,17,4,-0.0582354664157513,NA,0.01,NA,NA,1.08,NA
"373",47,"1",15,NA,6,17,4,-0.048770575499286,NA,0.02,NA,NA,1.08,NA
"374",47,"1",25,NA,6,17,4,-0.0392105608476768,NA,0.01,NA,NA,0.58,NA
"375",47,"1",40,NA,6,17,4,-0.0198013266932447,NA,0,NA,NA,0.67,NA
"376",47,"1",60,NA,6,17,4,-0.00995016625083195,NA,0,NA,NA,0.25,NA
"377",47,"1",80,NA,6,17,4,0,NA,0,NA,NA,0,NA
"378",47,"2",-5,NA,6,17,4,-0.147856211033789,NA,0.08,NA,NA,1.76,NA
"379",47,"2",-2,NA,6,17,4,-0.0768836536133642,NA,0.04,NA,NA,1,NA
"380",47,"2",0,NA,6,17,4,-0.0582354664157513,NA,0.03,NA,NA,0.71,NA
"381",47,"2",2,NA,6,17,4,-0.0392105608476768,NA,0.02,NA,NA,0.59,NA
"382",47,"2",5,NA,6,17,4,-0.0295544664514918,NA,0.01,NA,NA,0.41,NA
"383",47,"2",10,NA,6,17,4,-0.00995016625083195,NA,0.01,NA,NA,0.12,NA
"384",47,"2",15,NA,6,17,4,-0.00995016625083195,NA,0,NA,NA,0.18,NA
"385",47,"2",25,NA,6,17,4,-0.0295544664514918,NA,0.01,NA,NA,0.53,NA
"386",47,"2",40,NA,6,17,4,-0.00995016625083195,NA,0,NA,NA,0.29,NA
"387",47,"2",60,NA,6,17,4,-0.00995016625083195,NA,0,NA,NA,0.18,NA
"388",47,"2",80,NA,6,17,4,0,NA,0,NA,NA,0,NA
"389",47,"3",-5,NA,6,17,4,-0.197481202037522,NA,0.14,NA,NA,4.33,NA
"390",47,"3",-2,NA,6,17,4,-0.104165864703472,NA,0.07,NA,NA,2.25,NA
"391",47,"3",0,NA,6,17,4,-0.0860688147287718,NA,0.04,NA,NA,1.5,NA
"392",47,"3",2,NA,6,17,4,-0.0860688147287718,NA,0.04,NA,NA,1.42,NA
"393",47,"3",5,NA,6,17,4,-0.0768836536133642,NA,0.03,NA,NA,1.25,NA
"394",47,"3",10,NA,6,17,4,-0.048770575499286,NA,0.01,NA,NA,0.83,NA
"395",47,"3",15,NA,6,17,4,-0.048770575499286,NA,0.02,NA,NA,0.83,NA
"396",47,"3",25,NA,6,17,4,-0.0198013266932447,NA,0,NA,NA,0.33,NA
"397",47,"3",40,NA,6,17,4,-0.0295544664514918,NA,0,NA,NA,0.42,NA
"398",47,"3",80,NA,6,17,4,0,NA,0,NA,NA,0,NA
"399",47,"a",-5,NA,1,17,4,-0.164729788588728,NA,0.19,NA,NA,2.83,NA
"400",47,"a",-2,NA,1,17,4,-0.104165864703472,NA,0.1,NA,NA,1.5,NA
"401",47,"a",0,NA,1,17,4,-0.0676061800940518,NA,0.04,NA,NA,0.67,NA
"402",47,"a",2,NA,1,17,4,-0.0582354664157513,NA,0.02,NA,NA,0.47,NA
"403",47,"a",5,NA,1,17,4,-0.0582354664157513,NA,0.02,NA,NA,0.4,NA
"404",47,"a",10,NA,1,17,4,-0.048770575499286,NA,0.01,NA,NA,0.43,NA
"405",47,"a",15,NA,1,17,4,-0.048770575499286,NA,0.02,NA,NA,0.37,NA
"406",47,"a",25,NA,1,17,4,-0.0392105608476768,NA,0.01,NA,NA,0.27,NA
"407",47,"a",40,NA,1,17,4,-0.0295544664514918,NA,0,NA,NA,0.13,NA
"408",47,"a",60,NA,1,17,4,-0.00995016625083195,NA,0,NA,NA,0.03,NA
"409",47,"a",80,NA,1,17,4,0,NA,0,NA,NA,0,NA
"410",47,"b",-5,NA,1,17,4,-0.0951625819640404,NA,0.14,NA,NA,1.53,NA
"411",47,"b",-2,NA,1,17,4,-0.0582354664157513,NA,0.08,NA,NA,0.76,NA
"412",47,"b",0,NA,1,17,4,-0.048770575499286,NA,0.03,NA,NA,0.41,NA
"413",47,"b",2,NA,1,17,4,-0.0392105608476768,NA,0.02,NA,NA,0.26,NA
"414",47,"b",5,NA,1,17,4,-0.0295544664514918,NA,0.02,NA,NA,0.26,NA
"415",47,"b",10,NA,1,17,4,-0.00995016625083195,NA,0.01,NA,NA,0.06,NA
"416",47,"b",15,NA,1,17,4,-0.00995016625083195,NA,0,NA,NA,0.03,NA
"417",47,"b",25,NA,1,17,4,-0.0295544664514918,NA,0.02,NA,NA,0.21,NA
"418",47,"b",40,NA,1,17,4,-0.00995016625083195,NA,0.01,NA,NA,0.09,NA
"419",47,"b",60,NA,1,17,4,-0.00995016625083195,NA,0,NA,NA,0.06,NA
"420",47,"b",80,NA,1,17,4,0,NA,0,NA,NA,0,NA
"421",47,"c",-5,NA,1,17,4,-0.147856211033789,NA,0.18,NA,NA,3.04,NA
"422",47,"c",-2,NA,1,17,4,-0.0951625819640404,NA,0.07,NA,NA,1.31,NA
"423",47,"c",0,NA,1,17,4,-0.0768836536133642,NA,0.05,NA,NA,1,NA
"424",47,"c",2,NA,1,17,4,-0.0676061800940518,NA,0.05,NA,NA,0.96,NA
"425",47,"c",5,NA,1,17,4,-0.0582354664157513,NA,0.05,NA,NA,0.96,NA
"426",47,"c",10,NA,1,17,4,-0.0392105608476768,NA,0.02,NA,NA,0.46,NA
"427",47,"c",15,NA,1,17,4,-0.048770575499286,NA,0.02,NA,NA,0.54,NA
"428",47,"c",25,NA,1,17,4,-0.0198013266932447,NA,0,NA,NA,0.19,NA
"429",47,"c",40,NA,1,17,4,-0.0295544664514918,NA,0.01,NA,NA,0.23,NA
"430",47,"c",80,NA,1,17,4,0,NA,0,NA,NA,0,NA
"431",50,NA,0,NA,NA,7,NA,-0.0860688147287718,-0.302323673928969,0.1,0,0.05,NA,NA
"432",50,NA,15,NA,NA,7,NA,-0.0582354664157513,-0.104165864703472,0.06,0.09,0.02,NA,NA
"433",50,NA,30,NA,NA,7,NA,-0.0295544664514918,-0.0860688147287718,0.03,0.1,-0.02,NA,NA
"434",50,NA,45,NA,NA,7,NA,0,0,0,0.09,0,NA,NA
"435",53,"a",-10,NA,NA,NA,NA,-0.048770575499286,NA,NA,NA,NA,NA,NA
"436",53,"a",0,NA,NA,4,4,-0.048770575499286,NA,0.03,NA,NA,NA,NA
"437",53,"a",10,NA,NA,4,4,-0.0295544664514918,NA,0.03,NA,NA,NA,NA
"438",53,"a",20,NA,NA,4,4,-0.0295544664514918,NA,0.01,NA,NA,NA,NA
"439",53,"a",30,NA,NA,4,4,0,NA,0,NA,NA,NA,NA
"440",53,"b",-10,NA,NA,NA,NA,-0.0392105608476768,NA,NA,NA,NA,NA,NA
"441",53,"b",0,NA,NA,4,4,-0.048770575499286,NA,0.04,NA,NA,NA,NA
"442",53,"b",10,NA,NA,4,4,-0.0295544664514918,NA,0.03,NA,NA,NA,NA
"443",53,"b",20,NA,NA,4,4,-0.0198013266932447,NA,0.02,NA,NA,NA,NA
"444",53,"b",30,NA,NA,4,4,0,NA,0,NA,NA,NA,NA
"445",55,"1",0,15,6,14,NA,NA,0.19721736312181,NA,NA,NA,NA,NA
"446",55,"1",2,15,6,14,NA,NA,0.185304851320366,NA,NA,NA,NA,NA
"447",55,"1",4,15,6,14,NA,NA,0.284025416687742,NA,NA,NA,NA,NA
"448",55,"1",8,15,6,14,NA,NA,0.19721736312181,NA,NA,NA,NA,NA
"449",55,"1",12,15,6,14,NA,NA,0.185304851320366,NA,NA,NA,NA,NA
"450",55,"1",16,15,6,14,NA,NA,0.0941742837052104,NA,NA,NA,NA,NA
"451",55,"1",20,15,6,14,NA,NA,0.258600009929478,NA,NA,NA,NA,NA
"452",55,"1",25,15,6,14,NA,NA,0.17351087099181,NA,NA,NA,NA,NA
"453",55,"1",30,15,6,14,NA,NA,0.22140275816017,NA,NA,NA,NA,NA
"454",55,"1",50,15,6,14,NA,NA,0.233678059956743,NA,NA,NA,NA,NA
"455",55,"1",100,15,6,14,NA,NA,0,NA,NA,NA,NA,NA
"456",55,"2",0,15,1,8,NA,NA,-0.0198013266932447,NA,NA,NA,NA,NA
"457",55,"2",2,15,1,8,NA,NA,0.0408107741923882,NA,NA,NA,NA,NA
"458",55,"2",4,15,1,8,NA,NA,0.0408107741923882,NA,NA,NA,NA,NA
"459",55,"2",8,15,1,8,NA,NA,0.127496851579376,NA,NA,NA,NA,NA
"460",55,"2",12,15,1,8,NA,NA,0.161834242728283,NA,NA,NA,NA,NA
"461",55,"2",16,15,1,8,NA,NA,0.105170918075648,NA,NA,NA,NA,NA
"462",55,"2",20,15,1,8,NA,NA,0.209249597657251,NA,NA,NA,NA,NA
"463",55,"2",25,15,1,8,NA,NA,0.233678059956743,NA,NA,NA,NA,NA
"464",55,"2",30,15,1,8,NA,NA,0.138828383324622,NA,NA,NA,NA,NA
"465",55,"2",50,15,1,8,NA,NA,0.185304851320366,NA,NA,NA,NA,NA
"466",55,"2",100,15,1,8,NA,NA,0,NA,NA,NA,NA,NA
"467",55,"a",0,15,1,14,NA,NA,0.0725081812542165,NA,NA,NA,NA,NA
"468",55,"a",2,15,1,14,NA,NA,0.22140275816017,NA,NA,NA,NA,NA
"469",55,"a",4,15,1,14,NA,NA,0.233678059956743,NA,NA,NA,NA,NA
"470",55,"a",8,15,1,14,NA,NA,0.258600009929478,NA,NA,NA,NA,NA
"471",55,"a",12,15,1,14,NA,NA,0.323129812337437,NA,NA,NA,NA,NA
"472",55,"a",16,15,1,14,NA,NA,0.0832870676749586,NA,NA,NA,NA,NA
"473",55,"a",20,15,1,14,NA,NA,0.127496851579376,NA,NA,NA,NA,NA
"474",55,"a",25,15,1,14,NA,NA,0.336427488025472,NA,NA,NA,NA,NA
"475",55,"a",30,15,1,14,NA,NA,0.19721736312181,NA,NA,NA,NA,NA
"476",55,"a",50,15,1,14,NA,NA,-0.0392105608476768,NA,NA,NA,NA,NA
"477",55,"a",100,15,1,14,NA,NA,0,NA,NA,NA,NA,NA
"478",55,"b",0,15,6,8,NA,NA,-0.130641764601194,NA,NA,NA,NA,NA
"479",55,"b",2,15,6,8,NA,NA,0.0100501670841681,NA,NA,NA,NA,NA
"480",55,"b",4,15,6,8,NA,NA,-0.0392105608476768,NA,NA,NA,NA,NA
"481",55,"b",8,15,6,8,NA,NA,-0.00995016625083195,NA,NA,NA,NA,NA
"482",55,"b",12,15,6,8,NA,NA,0.0725081812542165,NA,NA,NA,NA,NA
"483",55,"b",16,15,6,8,NA,NA,0.051271096376024,NA,NA,NA,NA,NA
"484",55,"b",20,15,6,8,NA,NA,0.105170918075648,NA,NA,NA,NA,NA
"485",55,"b",25,15,6,8,NA,NA,0.138828383324622,NA,NA,NA,NA,NA
"486",55,"b",30,15,6,8,NA,NA,0.0618365465453596,NA,NA,NA,NA,NA
"487",55,"b",50,15,6,8,NA,NA,0,NA,NA,NA,NA,NA
"488",55,"b",100,15,6,8,NA,NA,0,NA,NA,NA,NA,NA
"489",58,NA,-10,NA,NA,11,NA,NA,-0.0676061800940518,1.65,11.37,NA,NA,NA
"490",58,NA,0,NA,NA,11,NA,NA,-0.302323673928969,0.47,1.62,NA,NA,NA
"491",58,NA,50,NA,NA,11,NA,NA,0,0,0,NA,NA,NA
"492",60,"a",-10,1,NA,5,1,-0.213372138933447,-0.0198013266932447,0.22,NA,0.27,NA,NA
"493",60,"a",0,1,NA,5,1,-0.0951625819640404,-0.0860688147287718,0.04,NA,0.05,NA,NA
"494",60,"a",30,1,NA,5,1,0,0,0,NA,0,NA,NA
"495",60,"b",-10,10,NA,19,6,-0.0860688147287718,0.116278070458871,0.02,NA,0.03,NA,NA
"496",60,"b",0,10,NA,19,6,-0.048770575499286,0.17351087099181,0.01,NA,0.03,NA,NA
"497",60,"b",30,10,NA,19,6,0,0,0,NA,0,NA,NA
"498",62,NA,0,NA,NA,20,NA,-0.121904569079439,NA,0.14,NA,NA,NA,NA
"499",62,NA,40,NA,NA,20,NA,0,NA,0,NA,NA,NA,NA
"500",63,NA,0,0,6,2,NA,NA,NA,0.09,NA,NA,1,NA
"501",63,NA,5,0,6,2,NA,NA,NA,0.09,NA,NA,1,NA
"502",63,NA,10,0,6,2,NA,NA,NA,0.08,NA,NA,0.79,NA
"503",63,NA,25,0,6,2,NA,NA,NA,0.07,NA,NA,0.86,NA
"504",63,NA,50,0,6,2,NA,NA,NA,0.06,NA,NA,0.74,NA
"505",63,NA,100,0,6,2,NA,NA,NA,0.01,NA,NA,0.22,NA
"506",63,NA,250,0,6,2,NA,NA,NA,0,NA,NA,0,NA
"507",66,"a",-10,NA,NA,15,NA,-0.0951625819640404,NA,0.07,NA,NA,NA,NA
"508",66,"a",0,NA,NA,15,NA,-0.0582354664157513,NA,0.04,NA,NA,NA,NA
"509",66,"a",23,NA,NA,15,NA,-0.00995016625083195,NA,0.01,NA,NA,NA,NA
"510",66,"a",45,NA,NA,15,NA,0,NA,0,NA,NA,NA,NA
"511",66,"b",-10,NA,NA,15,NA,-0.0768836536133642,NA,0.04,NA,NA,NA,NA
"512",66,"b",0,NA,NA,15,NA,-0.0768836536133642,NA,0.06,NA,NA,NA,NA
"513",66,"b",22,NA,NA,15,NA,0,NA,0.01,NA,NA,NA,NA
"514",66,"b",45,NA,NA,15,NA,0,NA,0,NA,NA,NA,NA
"515",66,"c",-10,NA,NA,15,NA,0.0725081812542165,NA,0.07,NA,NA,NA,NA
"516",66,"c",0,NA,NA,15,NA,0.0725081812542165,NA,0.07,NA,NA,NA,NA
"517",66,"c",23,NA,NA,15,NA,0,NA,0,NA,NA,NA,NA
"518",66,"c",45,NA,NA,15,NA,0,NA,0,NA,NA,NA,NA
"519",66,"d",-10,NA,NA,15,NA,-0.0295544664514918,NA,-0.07,NA,NA,NA,NA
"520",66,"d",0,NA,NA,15,NA,-0.048770575499286,NA,0.04,NA,NA,NA,NA
"521",66,"d",32,NA,NA,15,NA,-0.00995016625083195,NA,0.01,NA,NA,NA,NA
"522",66,"d",64,NA,NA,15,NA,0,NA,0,NA,NA,NA,NA
"523",66,"e",-10,NA,NA,15,NA,-0.104165864703472,NA,0.07,NA,NA,NA,NA
"524",66,"e",0,NA,NA,15,NA,-0.0860688147287718,NA,0.07,NA,NA,NA,NA
"525",66,"e",44,NA,NA,15,NA,0,NA,0,NA,NA,NA,NA
"526",66,"e",88,NA,NA,15,NA,0,NA,0,NA,NA,NA,NA
"527",66,"f",-10,NA,NA,15,NA,-0.104165864703472,NA,0.08,NA,NA,NA,NA
"528",66,"f",0,NA,NA,15,NA,-0.0582354664157513,NA,0.06,NA,NA,NA,NA
"529",66,"f",31,NA,NA,15,NA,-0.0295544664514918,NA,0.04,NA,NA,NA,NA
"530",66,"f",61,NA,NA,15,NA,0,NA,0,NA,NA,NA,NA
"531",66,"g",-10,NA,NA,15,NA,-0.0582354664157513,NA,0.05,NA,NA,NA,NA
"532",66,"g",0,NA,NA,15,NA,-0.0198013266932447,NA,0.02,NA,NA,NA,NA
"533",66,"g",26,NA,NA,15,NA,0.0100501670841681,NA,0,NA,NA,NA,NA
"534",66,"g",51,NA,NA,15,NA,0,NA,0,NA,NA,NA,NA
"535",66,"h",-10,NA,NA,15,NA,-0.0676061800940518,NA,0.05,NA,NA,NA,NA
"536",66,"h",0,NA,NA,15,NA,-0.0582354664157513,NA,0.05,NA,NA,NA,NA
"537",66,"h",32,NA,NA,15,NA,-0.048770575499286,NA,0.04,NA,NA,NA,NA
"538",66,"h",64,NA,NA,15,NA,0,NA,0,NA,NA,NA,NA
"539",66,"i",-10,NA,NA,15,NA,-0.0768836536133642,NA,0.05,NA,NA,NA,NA
"540",66,"i",0,NA,NA,15,NA,-0.0768836536133642,NA,0.05,NA,NA,NA,NA
"541",66,"i",36,NA,NA,15,NA,0.0202013400267558,NA,-0.01,NA,NA,NA,NA
"542",66,"i",71,NA,NA,15,NA,0,NA,0,NA,NA,NA,NA
"543",66,"j",-10,NA,NA,15,NA,-0.0295544664514918,NA,0.01,NA,NA,NA,NA
"544",66,"j",0,NA,NA,15,NA,-0.0295544664514918,NA,0,NA,NA,NA,NA
"545",66,"j",22,NA,NA,15,NA,-0.00995016625083195,NA,0,NA,NA,NA,NA
"546",66,"j",43,NA,NA,15,NA,0,NA,0,NA,NA,NA,NA
"547",66,"k",-10,NA,NA,15,NA,-0.205466397496666,NA,0.12,NA,NA,NA,NA
"548",66,"k",0,NA,NA,15,NA,-0.181269246922018,NA,0.09,NA,NA,NA,NA
"549",66,"k",34,NA,NA,15,NA,-0.147856211033789,NA,0.05,NA,NA,NA,NA
"550",66,"k",67,NA,NA,15,NA,0,NA,0,NA,NA,NA,NA
"551",66,"l",-10,NA,NA,15,NA,-0.0198013266932447,NA,0.01,NA,NA,NA,NA
"552",66,"l",0,NA,NA,15,NA,-0.00995016625083195,NA,-0.01,NA,NA,NA,NA
"553",66,"l",20,NA,NA,15,NA,0.0202013400267558,NA,-0.01,NA,NA,NA,NA
"554",66,"l",40,NA,NA,15,NA,0,NA,0,NA,NA,NA,NA
"555",68,"1",-10,4,1,11,NA,-0.0295544664514918,NA,0.04,NA,NA,NA,NA
"556",68,"1",-5,4,1,11,NA,-0.0295544664514918,NA,0.03,NA,NA,NA,NA
"557",68,"1",0,4,1,11,NA,-0.0198013266932447,NA,0.02,NA,NA,NA,NA
"558",68,"1",5,4,1,11,NA,-0.0295544664514918,NA,0.02,NA,NA,NA,NA
"559",68,"1",10,4,1,11,NA,0.0202013400267558,NA,0.01,NA,NA,NA,NA
"560",68,"1",15,4,1,11,NA,0.0100501670841681,NA,0,NA,NA,NA,NA
"561",68,"1",20,4,1,11,NA,0,NA,0,NA,NA,NA,NA
"562",68,"1",25,4,1,11,NA,0.0202013400267558,NA,0,NA,NA,NA,NA
"563",68,"1",30,4,1,11,NA,0.0100501670841681,NA,0,NA,NA,NA,NA
"564",68,"1",35,4,1,11,NA,0.0202013400267558,NA,0,NA,NA,NA,NA
"565",68,"1",40,4,1,11,NA,0.0304545339535169,NA,0,NA,NA,NA,NA
"566",68,"1",45,4,1,11,NA,0.0304545339535169,NA,0,NA,NA,NA,NA
"567",68,"1",50,4,1,11,NA,0,NA,0,NA,NA,NA,NA
"568",68,"2",-10,15,1,11,NA,-0.0392105608476768,NA,0.09,NA,NA,NA,NA
"569",68,"2",-5,15,1,11,NA,-0.0198013266932447,NA,0.08,NA,NA,NA,NA
"570",68,"2",0,15,1,11,NA,-0.00995016625083195,NA,0.06,NA,NA,NA,NA
"571",68,"2",5,15,1,11,NA,-0.00995016625083195,NA,0.05,NA,NA,NA,NA
"572",68,"2",10,15,1,11,NA,0,NA,0.03,NA,NA,NA,NA
"573",68,"2",15,15,1,11,NA,0,NA,0.02,NA,NA,NA,NA
"574",68,"2",20,15,1,11,NA,0.0100501670841681,NA,0.01,NA,NA,NA,NA
"575",68,"2",25,15,1,11,NA,0.0100501670841681,NA,0.01,NA,NA,NA,NA
"576",68,"2",30,15,1,11,NA,0.0100501670841681,NA,0.01,NA,NA,NA,NA
"577",68,"2",35,15,1,11,NA,0.0100501670841681,NA,0.01,NA,NA,NA,NA
"578",68,"2",40,15,1,11,NA,0.0202013400267558,NA,0,NA,NA,NA,NA
"579",68,"2",45,15,1,11,NA,0,NA,0,NA,NA,NA,NA
"580",68,"2",50,15,1,11,NA,0,NA,0,NA,NA,NA,NA
"581",68,"a",-10,NA,NA,NA,NA,NA,NA,NA,NA,0.06,NA,NA
"582",68,"a",-5,NA,NA,NA,NA,NA,NA,NA,NA,0.04,NA,NA
"583",68,"a",0,NA,NA,NA,NA,NA,NA,NA,NA,0.01,NA,NA
"584",68,"a",5,NA,NA,NA,NA,NA,NA,NA,NA,0,NA,NA
"585",68,"a",10,NA,NA,NA,NA,NA,NA,NA,NA,-0.01,NA,NA
"586",68,"a",15,NA,NA,NA,NA,NA,NA,NA,NA,0,NA,NA
"587",68,"a",20,NA,NA,NA,NA,NA,NA,NA,NA,-0.01,NA,NA
"588",68,"a",25,NA,NA,NA,NA,NA,NA,NA,NA,0,NA,NA
"589",68,"a",30,NA,NA,NA,NA,NA,NA,NA,NA,0,NA,NA
"590",68,"a",35,NA,NA,NA,NA,NA,NA,NA,NA,-0.01,NA,NA
"591",68,"a",40,NA,NA,NA,NA,NA,NA,NA,NA,-0.01,NA,NA
"592",68,"a",45,NA,NA,NA,NA,NA,NA,NA,NA,0,NA,NA
"593",68,"a",50,NA,NA,NA,NA,NA,NA,NA,NA,0,NA,NA
"594",68,"b",-10,NA,NA,NA,NA,NA,NA,NA,NA,0.16,NA,NA
"595",68,"b",-5,NA,NA,NA,NA,NA,NA,NA,NA,0.1,NA,NA
"596",68,"b",0,NA,NA,NA,NA,NA,NA,NA,NA,0.03,NA,NA
"597",68,"b",5,NA,NA,NA,NA,NA,NA,NA,NA,0,NA,NA
"598",68,"b",10,NA,NA,NA,NA,NA,NA,NA,NA,0,NA,NA
"599",68,"b",15,NA,NA,NA,NA,NA,NA,NA,NA,0,NA,NA
"600",68,"b",20,NA,NA,NA,NA,NA,NA,NA,NA,0,NA,NA
"601",68,"b",25,NA,NA,NA,NA,NA,NA,NA,NA,-0.01,NA,NA
"602",68,"b",30,NA,NA,NA,NA,NA,NA,NA,NA,0,NA,NA
"603",68,"b",35,NA,NA,NA,NA,NA,NA,NA,NA,0,NA,NA
"604",68,"b",40,NA,NA,NA,NA,NA,NA,NA,NA,-0.01,NA,NA
"605",68,"b",45,NA,NA,NA,NA,NA,NA,NA,NA,-0.01,NA,NA
"606",68,"b",50,NA,NA,NA,NA,NA,NA,NA,NA,0,NA,NA
"607",68,NA,0,NA,NA,NA,NA,NA,NA,NA,1.86,NA,NA,NA
"608",68,NA,50,NA,NA,NA,NA,NA,NA,NA,0,NA,NA,NA
"609",69,"1",10,9,7,13,2,NA,NA,NA,NA,NA,NA,NA
"610",69,"1",10,9,7,11,2,NA,NA,NA,NA,NA,NA,NA
"611",69,"1",20,9,7,11,2,NA,NA,NA,NA,NA,NA,NA
"612",69,"1",30,9,7,11,2,NA,NA,NA,NA,NA,NA,NA
"613",69,"1",40,9,7,11,2,NA,NA,NA,NA,NA,NA,NA
"614",69,"1",50,9,7,11,2,NA,NA,NA,NA,NA,NA,NA
"615",69,"1",75,9,7,11,2,NA,NA,NA,NA,NA,NA,NA
"616",69,"1",100,9,7,11,2,NA,NA,NA,NA,NA,NA,NA
"617",69,"1",150,9,7,11,2,NA,NA,NA,NA,NA,NA,NA
"618",69,"2",10,NA,NA,NA,NA,NA,NA,NA,NA,NA,NA,NA
"619",69,"2",20,9,7,13,2,NA,NA,NA,NA,NA,NA,NA
"620",69,"2",30,9,7,13,2,NA,NA,NA,NA,NA,NA,NA
"621",69,"2",40,9,7,13,2,NA,NA,NA,NA,NA,NA,NA
"622",69,"2",50,9,7,13,2,NA,NA,NA,NA,NA,NA,NA
"623",69,"2",75,9,7,13,2,NA,NA,NA,NA,NA,NA,NA
"624",69,"2",100,9,7,13,2,NA,NA,NA,NA,NA,NA,NA
"625",69,"2",150,9,7,13,2,NA,NA,NA,NA,NA,NA,NA
"626",69,"3",10,9,4,11,2,NA,NA,NA,NA,NA,NA,NA
"627",69,"3",20,9,4,11,2,NA,NA,NA,NA,NA,NA,NA
"628",69,"3",30,9,4,11,2,NA,NA,NA,NA,NA,NA,NA
"629",69,"3",40,9,4,11,2,NA,NA,NA,NA,NA,NA,NA
"630",69,"3",50,9,4,11,2,NA,NA,NA,NA,NA,NA,NA
"631",69,"3",75,9,4,11,2,NA,NA,NA,NA,NA,NA,NA
"632",69,"3",100,9,4,11,2,NA,NA,NA,NA,NA,NA,NA
"633",69,"3",150,9,4,11,2,NA,NA,NA,NA,NA,NA,NA
"634",69,"4",10,9,4,13,2,NA,NA,NA,NA,NA,NA,NA
"635",69,"4",20,9,4,13,2,NA,NA,NA,NA,NA,NA,NA
"636",69,"4",30,9,4,13,2,NA,NA,NA,NA,NA,NA,NA
"637",69,"4",40,9,4,13,2,NA,NA,NA,NA,NA,NA,NA
"638",69,"4",50,9,4,13,2,NA,NA,NA,NA,NA,NA,NA
"639",69,"4",75,9,4,13,2,NA,NA,NA,NA,NA,NA,NA
"640",69,"4",100,9,4,13,2,NA,NA,NA,NA,NA,NA,NA
"641",69,"4",150,9,4,13,2,NA,NA,NA,NA,NA,NA,NA
"642",71,"1",-10,NA,4,11,2,NA,NA,NA,NA,NA,NA,NA
"643",71,"1",0,NA,4,11,2,NA,NA,NA,1.07,NA,NA,NA
"644",71,"1",10,NA,4,11,2,NA,NA,NA,-0.42,NA,NA,NA
"645",71,"1",20,NA,4,11,2,NA,NA,NA,-0.67,NA,NA,NA
"646",71,"1",30,NA,4,11,2,NA,NA,NA,-0.68,NA,NA,NA
"647",71,"1",40,NA,4,11,2,NA,NA,NA,NA,NA,NA,NA
"648",71,"1",50,NA,4,11,2,NA,NA,NA,2.04,NA,NA,NA
"649",71,"1",100,NA,4,11,2,NA,NA,NA,NA,NA,NA,NA
"650",71,"1",150,NA,4,11,2,NA,NA,NA,0.77,NA,NA,NA
"651",71,"1",200,NA,4,11,2,NA,NA,NA,NA,NA,NA,NA
"652",71,"1",225,NA,4,11,2,NA,NA,NA,NA,NA,NA,NA
"653",71,"1",226,NA,NA,NA,NA,NA,NA,NA,0,NA,NA,NA
"654",71,"10",-10,NA,7,11,2,NA,NA,NA,NA,NA,NA,NA
"655",71,"10",0,NA,7,11,2,NA,NA,NA,NA,NA,NA,NA
"656",71,"10",10,NA,7,11,2,NA,NA,NA,NA,NA,NA,NA
"657",71,"10",20,NA,7,11,2,NA,NA,NA,NA,NA,NA,NA
"658",71,"10",30,NA,7,11,2,NA,NA,NA,NA,NA,NA,NA
"659",71,"10",40,NA,7,11,2,NA,NA,NA,NA,NA,NA,NA
"660",71,"10",50,NA,7,11,2,NA,NA,NA,NA,NA,NA,NA
"661",71,"10",75,NA,7,11,2,NA,NA,NA,NA,NA,NA,NA
"662",71,"11",-10,NA,7,11,2,NA,NA,NA,NA,NA,NA,NA
"663",71,"11",0,NA,7,11,2,NA,NA,NA,NA,NA,NA,NA
"664",71,"11",10,NA,7,11,2,NA,NA,NA,NA,NA,NA,NA
"665",71,"11",20,NA,7,11,2,NA,NA,NA,NA,NA,NA,NA
"666",71,"11",30,NA,7,11,2,NA,NA,NA,NA,NA,NA,NA
"667",71,"11",40,NA,7,11,2,NA,NA,NA,NA,NA,NA,NA
"668",71,"11",50,NA,7,11,2,NA,NA,NA,NA,NA,NA,NA
"669",71,"2",-10,NA,4,11,2,NA,NA,NA,28.94,NA,NA,NA
"670",71,"2",0,NA,4,11,2,NA,NA,NA,16.95,NA,NA,NA
"671",71,"2",10,NA,4,11,2,NA,NA,NA,0.37,NA,NA,NA
"672",71,"2",20,NA,NA,NA,NA,NA,NA,NA,-0.78,NA,NA,NA
"673",71,"2",30,NA,4,11,2,NA,NA,NA,NA,NA,NA,NA
"674",71,"2",40,NA,4,11,2,NA,NA,NA,NA,NA,NA,NA
"675",71,"2",50,NA,4,11,2,NA,NA,NA,-0.79,NA,NA,NA
"676",71,"2",75,NA,4,11,2,NA,NA,NA,NA,NA,NA,NA
"677",71,"2",100,NA,NA,NA,NA,NA,NA,NA,-0.8,NA,NA,NA
"678",71,"2",150,NA,NA,NA,NA,NA,NA,NA,-0.48,NA,NA,NA
"679",71,"2",190,NA,NA,NA,NA,NA,NA,NA,0,NA,NA,NA
"680",71,"3",-10,NA,4,11,2,NA,NA,NA,8.93,NA,NA,NA
"681",71,"3",0,NA,4,11,2,NA,NA,NA,4.87,NA,NA,NA
"682",71,"3",10,NA,4,11,2,NA,NA,NA,NA,NA,NA,NA
"683",71,"3",20,NA,4,11,2,NA,NA,NA,-0.86,NA,NA,NA
"684",71,"3",30,NA,4,11,2,NA,NA,NA,NA,NA,NA,NA
"685",71,"3",40,NA,4,11,2,NA,NA,NA,-0.67,NA,NA,NA
"686",71,"3",50,NA,4,11,2,NA,NA,NA,-0.86,NA,NA,NA
"687",71,"3",75,NA,4,11,2,NA,NA,NA,0,NA,NA,NA
"688",71,"4",-10,NA,7,11,6,NA,NA,NA,8.23,NA,NA,NA
"689",71,"4",0,NA,7,11,6,NA,NA,NA,0.67,NA,NA,NA
"690",71,"4",10,NA,7,11,6,NA,NA,NA,-0.11,NA,NA,NA
"691",71,"4",20,NA,7,11,6,NA,NA,NA,NA,NA,NA,NA
"692",71,"4",30,NA,7,11,6,NA,NA,NA,-0.89,NA,NA,NA
"693",71,"4",40,NA,7,11,6,NA,NA,NA,-0.44,NA,NA,NA
"694",71,"4",50,NA,7,11,6,NA,NA,NA,NA,NA,NA,NA
"695",71,"4",53,NA,NA,NA,NA,NA,NA,NA,-0.22,NA,NA,NA
"696",71,"4",75,NA,NA,NA,NA,NA,NA,NA,0,NA,NA,NA
"697",71,"4",100,NA,7,11,6,NA,NA,NA,NA,NA,NA,NA
"698",71,"4",150,NA,7,11,6,NA,NA,NA,NA,NA,NA,NA
"699",71,"4",190,NA,7,11,6,NA,NA,NA,NA,NA,NA,NA
"700",71,"5",-10,NA,7,11,6,NA,NA,NA,50.87,NA,NA,NA
"701",71,"5",0,NA,7,11,6,NA,NA,NA,12.97,NA,NA,NA
"702",71,"5",10,NA,7,11,6,NA,NA,NA,2.49,NA,NA,NA
"703",71,"5",20,NA,7,11,6,NA,NA,NA,3.48,NA,NA,NA
"704",71,"5",30,NA,7,11,6,NA,NA,NA,1.49,NA,NA,NA
"705",71,"5",40,NA,7,11,6,NA,NA,NA,0.49,NA,NA,NA
"706",71,"5",50,NA,7,11,6,NA,NA,NA,2.99,NA,NA,NA
"707",71,"5",75,NA,7,11,6,NA,NA,NA,1.99,NA,NA,NA
"708",71,"5",100,NA,NA,NA,NA,NA,NA,NA,0.49,NA,NA,NA
"709",71,"5",150,NA,NA,NA,NA,NA,NA,NA,1.99,NA,NA,NA
"710",71,"5",190,NA,NA,NA,NA,NA,NA,NA,NA,NA,NA,NA
"711",71,"5",200,NA,NA,NA,NA,NA,NA,NA,0.49,NA,NA,NA
"712",71,"5",225,NA,NA,NA,NA,NA,NA,NA,0,NA,NA,NA
"713",71,"6",-10,NA,7,11,2,NA,NA,NA,10.22,NA,NA,NA
"714",71,"6",0,NA,7,11,2,NA,NA,NA,0.4,NA,NA,NA
"715",71,"6",10,NA,7,11,2,NA,NA,NA,0.2,NA,NA,NA
"716",71,"6",20,NA,7,11,2,NA,NA,NA,-0.2,NA,NA,NA
"717",71,"6",30,NA,7,11,2,NA,NA,NA,-0.4,NA,NA,NA
"718",71,"6",40,NA,7,11,2,NA,NA,NA,0.8,NA,NA,NA
"719",71,"6",50,NA,7,11,2,NA,NA,NA,1.4,NA,NA,NA
"720",71,"6",75,NA,NA,NA,NA,NA,NA,NA,NA,NA,NA,NA
"721",71,"6",100,NA,7,11,2,NA,NA,NA,1.6,NA,NA,NA
"722",71,"6",150,NA,7,11,2,NA,NA,NA,0.6,NA,NA,NA
"723",71,"6",200,NA,7,11,2,NA,NA,NA,0,NA,NA,NA
"724",71,"6",225,NA,7,11,2,NA,NA,NA,0,NA,NA,NA
"725",71,"7",-10,NA,7,11,2,NA,NA,NA,8.39,NA,NA,NA
"726",71,"7",0,NA,7,11,2,NA,NA,NA,4.09,NA,NA,NA
"727",71,"7",10,NA,7,11,2,NA,NA,NA,-0.5,NA,NA,NA
"728",71,"7",20,NA,7,11,2,NA,NA,NA,-0.8,NA,NA,NA
"729",71,"7",30,NA,7,11,2,NA,NA,NA,-0.8,NA,NA,NA
"730",71,"7",40,NA,7,11,2,NA,NA,NA,-0.5,NA,NA,NA
"731",71,"7",50,NA,7,11,2,NA,NA,NA,NA,NA,NA,NA
"732",71,"7",75,NA,NA,NA,NA,NA,NA,NA,0,NA,NA,NA
"733",71,"7",100,NA,7,11,2,NA,NA,NA,NA,NA,NA,NA
"734",71,"7",150,NA,7,11,2,NA,NA,NA,NA,NA,NA,NA
"735",71,"7",200,NA,7,11,2,NA,NA,NA,NA,NA,NA,NA
"736",71,"7",225,NA,7,11,2,NA,NA,NA,NA,NA,NA,NA
"737",71,"8",-10,NA,7,11,2,NA,NA,NA,NA,NA,NA,NA
"738",71,"8",0,NA,7,11,2,NA,NA,NA,NA,NA,NA,NA
"739",71,"8",10,NA,7,11,2,NA,NA,NA,NA,NA,NA,NA
"740",71,"8",20,NA,7,11,2,NA,NA,NA,NA,NA,NA,NA
"741",71,"8",30,NA,7,11,2,NA,NA,NA,NA,NA,NA,NA
"742",71,"8",40,NA,7,11,2,NA,NA,NA,NA,NA,NA,NA
"743",71,"8",50,NA,7,11,2,NA,NA,NA,NA,NA,NA,NA
"744",71,"8",100,NA,7,11,2,NA,NA,NA,NA,NA,NA,NA
"745",71,"8",150,NA,7,11,2,NA,NA,NA,NA,NA,NA,NA
"746",71,"8",190,NA,7,11,2,NA,NA,NA,NA,NA,NA,NA
"747",71,"8",200,NA,NA,NA,NA,NA,NA,NA,NA,NA,NA,NA
"748",71,"8",225,NA,NA,NA,NA,NA,NA,NA,NA,NA,NA,NA
"749",71,"9",-10,NA,7,11,2,NA,NA,NA,NA,NA,NA,NA
"750",71,"9",0,NA,7,11,2,NA,NA,NA,NA,NA,NA,NA
"751",71,"9",10,NA,7,11,2,NA,NA,NA,NA,NA,NA,NA
"752",71,"9",20,NA,7,11,2,NA,NA,NA,NA,NA,NA,NA
"753",71,"9",30,NA,7,11,2,NA,NA,NA,NA,NA,NA,NA
"754",71,"9",40,NA,7,11,2,NA,NA,NA,NA,NA,NA,NA
"755",71,"9",50,NA,7,11,2,NA,NA,NA,NA,NA,NA,NA
"756",71,"9",75,NA,7,11,2,NA,NA,NA,NA,NA,NA,NA
"757",71,"9",100,NA,NA,NA,NA,NA,NA,NA,NA,NA,NA,NA
"758",71,"9",150,NA,NA,NA,NA,NA,NA,NA,NA,NA,NA,NA
"759",71,"9",190,NA,NA,NA,NA,NA,NA,NA,NA,NA,NA,NA
"760",71,"a",-10,NA,7,11,6,NA,NA,NA,NA,NA,NA,NA
"761",71,"a",0,NA,7,11,6,NA,NA,NA,NA,NA,NA,NA
"762",71,"a",10,NA,7,11,6,NA,NA,NA,NA,NA,NA,NA
"763",71,"a",15,NA,NA,NA,NA,NA,NA,NA,-0.78,NA,NA,NA
"764",71,"a",20,NA,7,11,6,NA,NA,NA,NA,NA,NA,NA
"765",71,"a",30,NA,7,11,6,NA,NA,NA,NA,NA,NA,NA
"766",71,"a",40,NA,7,11,6,NA,NA,NA,NA,NA,NA,NA
"767",71,"a",45,NA,NA,NA,NA,NA,NA,NA,-0.74,NA,NA,NA
"768",71,"a",50,NA,7,11,6,NA,NA,NA,NA,NA,NA,NA
"769",71,"a",55,NA,NA,NA,NA,NA,NA,NA,0,NA,NA,NA
"770",71,"b",-10,NA,4,11,6,NA,NA,NA,NA,NA,NA,NA
"771",71,"b",0,NA,4,11,6,NA,NA,NA,2.71,NA,NA,NA
"772",71,"b",10,NA,4,11,6,NA,NA,NA,0.48,NA,NA,NA
"773",71,"b",20,NA,4,11,6,NA,NA,NA,NA,NA,NA,NA
"774",71,"b",30,NA,4,11,6,NA,NA,NA,0.47,NA,NA,NA
"775",71,"b",40,NA,4,11,6,NA,NA,NA,NA,NA,NA,NA
"776",71,"b",50,NA,4,11,6,NA,NA,NA,-0.43,NA,NA,NA
"777",71,"b",75,NA,4,11,6,NA,NA,NA,0,NA,NA,NA
"778",71,"c",-10,NA,4,11,6,NA,NA,NA,NA,NA,NA,NA
"779",71,"c",0,NA,4,11,6,NA,NA,NA,0.69,NA,NA,NA
"780",71,"c",10,NA,4,11,6,NA,NA,NA,NA,NA,NA,NA
"781",71,"c",15,NA,NA,NA,NA,NA,NA,NA,-0.67,NA,NA,NA
"782",71,"c",20,NA,4,11,6,NA,NA,NA,NA,NA,NA,NA
"783",71,"c",30,NA,4,11,6,NA,NA,NA,NA,NA,NA,NA
"784",71,"c",40,NA,4,11,6,NA,NA,NA,NA,NA,NA,NA
"785",71,"c",50,NA,4,11,6,NA,NA,NA,NA,NA,NA,NA
"786",71,"c",55,NA,NA,NA,NA,NA,NA,NA,-0.75,NA,NA,NA
"787",71,"c",75,NA,NA,NA,NA,NA,NA,NA,NA,NA,NA,NA
"788",71,"c",80,NA,NA,NA,NA,NA,NA,NA,0,NA,NA,NA
"789",71,"c",100,NA,4,11,6,NA,NA,NA,NA,NA,NA,NA
"790",71,"c",150,NA,4,11,6,NA,NA,NA,NA,NA,NA,NA
"791",71,"c",200,NA,4,11,6,NA,NA,NA,NA,NA,NA,NA
"792",71,"c",230,NA,4,11,6,NA,NA,NA,NA,NA,NA,NA
"793",71,"d",-10,NA,4,11,2,NA,NA,NA,12.45,NA,NA,NA
"794",71,"d",0,NA,4,11,2,NA,NA,NA,5.14,NA,NA,NA
"795",71,"d",10,NA,4,11,2,NA,NA,NA,NA,NA,NA,NA
"796",71,"d",15,NA,NA,NA,NA,NA,NA,NA,-0.42,NA,NA,NA
"797",71,"d",20,NA,4,11,2,NA,NA,NA,NA,NA,NA,NA
"798",71,"d",30,NA,4,11,2,NA,NA,NA,0.59,NA,NA,NA
"799",71,"d",40,NA,4,11,2,NA,NA,NA,NA,NA,NA,NA
"800",71,"d",50,NA,4,11,2,NA,NA,NA,2.09,NA,NA,NA
"801",71,"d",75,NA,4,11,2,NA,NA,NA,NA,NA,NA,NA
"802",71,"d",100,NA,NA,NA,NA,NA,NA,NA,-0.45,NA,NA,NA
"803",71,"d",150,NA,NA,NA,NA,NA,NA,NA,0.03,NA,NA,NA
"804",71,"d",200,NA,NA,NA,NA,NA,NA,NA,9.34,NA,NA,NA
"805",71,"d",228,NA,NA,NA,NA,NA,NA,NA,0,NA,NA,NA
"806",71,"d",230,NA,NA,NA,NA,NA,NA,NA,NA,NA,NA,NA
"807",71,"e",-10,NA,4,11,2,NA,NA,NA,NA,NA,NA,NA
"808",71,"e",-5,NA,NA,NA,NA,NA,NA,NA,24.68,NA,NA,NA
"809",71,"e",0,NA,4,11,2,NA,NA,NA,NA,NA,NA,NA
"810",71,"e",10,NA,4,11,2,NA,NA,NA,NA,NA,NA,NA
"811",71,"e",15,NA,NA,NA,NA,NA,NA,NA,0.82,NA,NA,NA
"812",71,"e",20,NA,4,11,2,NA,NA,NA,NA,NA,NA,NA
"813",71,"e",30,NA,4,11,2,NA,NA,NA,NA,NA,NA,NA
"814",71,"e",40,NA,4,11,2,NA,NA,NA,NA,NA,NA,NA
"815",71,"e",45,NA,NA,NA,NA,NA,NA,NA,0.31,NA,NA,NA
"816",71,"e",50,NA,4,11,2,NA,NA,NA,NA,NA,NA,NA
"817",71,"e",55,NA,NA,NA,NA,NA,NA,NA,1.8,NA,NA,NA
"818",71,"e",100,NA,4,11,2,NA,NA,NA,-0.21,NA,NA,NA
"819",71,"e",150,NA,4,11,2,NA,NA,NA,-0.48,NA,NA,NA
"820",71,"e",190,NA,4,11,2,NA,NA,NA,0,NA,NA,NA
"821",28,NA,-10,NA,NA,NA,NA,NA,0.185304851320366,NA,NA,0.1,NA,NA
"822",28,NA,0,NA,NA,NA,NA,NA,0.0725081812542165,NA,NA,0.02,NA,NA
"823",28,NA,60,NA,NA,NA,NA,NA,0,NA,NA,0,NA,NA
"824",29,"1",-5,NA,NA,NA,NA,NA,-0.266553043775711,NA,NA,NA,NA,NA
"825",29,"1",0,NA,NA,NA,NA,NA,-0.302323673928969,NA,NA,NA,NA,NA
"826",29,"1",5,NA,NA,NA,NA,NA,-0.197481202037522,NA,NA,NA,NA,NA
"827",29,"1",10,NA,NA,NA,NA,NA,-0.251736432421435,NA,NA,NA,NA,NA
"828",29,"1",20,NA,NA,NA,NA,NA,-0.281076266568074,NA,NA,NA,NA,NA
"829",29,"1",40,NA,NA,NA,NA,NA,-0.244216258544275,NA,NA,NA,NA,NA
"830",29,"1",60,NA,NA,NA,NA,NA,-0.41725174762601,NA,NA,NA,NA,NA
"831",29,"1",80,NA,NA,NA,NA,NA,-0.428790936151185,NA,NA,NA,NA,NA
"832",29,"1",100,NA,NA,NA,NA,NA,-0.173040866056638,NA,NA,NA,NA,NA
"833",29,"1",150,NA,NA,NA,NA,NA,-0.113079563282842,NA,NA,NA,NA,NA
"834",29,"1",200,NA,NA,NA,NA,NA,0,NA,NA,NA,NA,NA
"835",29,"2",-5,NA,NA,NA,NA,NA,-0.181269246922018,NA,NA,NA,NA,NA
"836",29,"2",0,NA,NA,NA,NA,NA,-0.197481202037522,NA,NA,NA,NA,NA
"837",29,"2",5,NA,NA,NA,NA,NA,-0.0676061800940518,NA,NA,NA,NA,NA
"838",29,"2",10,NA,NA,NA,NA,NA,-0.205466397496666,NA,NA,NA,NA,NA
"839",29,"2",20,NA,NA,NA,NA,NA,-0.213372138933447,NA,NA,NA,NA,NA
"840",29,"2",40,NA,NA,NA,NA,NA,-0.387373605815584,NA,NA,NA,NA,NA
"841",29,"2",60,NA,NA,NA,NA,NA,-0.130641764601194,NA,NA,NA,NA,NA
"842",29,"2",80,NA,NA,NA,NA,NA,-0.113079563282842,NA,NA,NA,NA,NA
"843",29,"2",100,NA,NA,NA,NA,NA,-0.228948414196434,NA,NA,NA,NA,NA
"844",29,"2",150,NA,NA,NA,NA,NA,-0.0676061800940518,NA,NA,NA,NA,NA
"845",29,"2",200,NA,NA,NA,NA,NA,0,NA,NA,NA,NA,NA
"846",29,"3",-5,NA,NA,NA,NA,NA,-0.518091009909798,NA,NA,NA,NA,NA
"847",29,"3",5,NA,NA,NA,NA,NA,1.31636697678109,NA,NA,NA,NA,NA
"848",29,"3",10,NA,NA,NA,NA,NA,1.09593551449436,NA,NA,NA,NA,NA
"849",29,"3",20,NA,NA,NA,NA,NA,0.0941742837052104,NA,NA,NA,NA,NA
"850",29,"3",40,NA,NA,NA,NA,NA,-0.483148665508301,NA,NA,NA,NA,NA
"851",29,"3",60,NA,NA,NA,NA,NA,-0.251736432421435,NA,NA,NA,NA,NA
"852",29,"3",80,NA,NA,NA,NA,NA,-0.329679953964361,NA,NA,NA,NA,NA
"853",29,"3",100,NA,NA,NA,NA,NA,0.138828383324622,NA,NA,NA,NA,NA
"854",29,"3",150,NA,NA,NA,NA,NA,0,NA,NA,NA,NA,NA
"855",29,"3",200,NA,NA,NA,NA,NA,0,NA,NA,NA,NA,NA
"856",29,"a",-5,NA,NA,NA,NA,NA,-0.244216258544275,NA,NA,NA,NA,NA
"857",29,"a",0,NA,NA,NA,NA,NA,-0.173040866056638,NA,NA,NA,NA,NA
"858",29,"a",5,NA,NA,NA,NA,NA,-0.173040866056638,NA,NA,NA,NA,NA
"859",29,"a",10,NA,NA,NA,NA,NA,-0.221199216928595,NA,NA,NA,NA,NA
"860",29,"a",20,NA,NA,NA,NA,NA,-0.205466397496666,NA,NA,NA,NA,NA
"861",29,"a",40,NA,NA,NA,NA,NA,-0.266553043775711,NA,NA,NA,NA,NA
"862",29,"a",60,NA,NA,NA,NA,NA,-0.362371848378227,NA,NA,NA,NA,NA
"863",29,"a",80,NA,NA,NA,NA,NA,-0.362371848378227,NA,NA,NA,NA,NA
"864",29,"a",100,NA,NA,NA,NA,NA,-0.121904569079439,NA,NA,NA,NA,NA
"865",29,"a",150,NA,NA,NA,NA,NA,-0.0768836536133642,NA,NA,NA,NA,NA
"866",29,"a",200,NA,NA,NA,NA,NA,0,NA,NA,NA,NA,NA
"867",29,"b",-5,NA,NA,NA,NA,NA,-0.189415754029813,NA,NA,NA,NA,NA
"868",29,"b",0,NA,NA,NA,NA,NA,-0.189415754029813,NA,NA,NA,NA,NA
"869",29,"b",5,NA,NA,NA,NA,NA,-0.0676061800940518,NA,NA,NA,NA,NA
"870",29,"b",10,NA,NA,NA,NA,NA,-0.189415754029813,NA,NA,NA,NA,NA
"871",29,"b",20,NA,NA,NA,NA,NA,-0.205466397496666,NA,NA,NA,NA,NA
"872",29,"b",40,NA,NA,NA,NA,NA,-0.322943125501835,NA,NA,NA,NA,NA
"873",29,"b",60,NA,NA,NA,NA,NA,-0.181269246922018,NA,NA,NA,NA,NA
"874",29,"b",80,NA,NA,NA,NA,NA,-0.130641764601194,NA,NA,NA,NA,NA
"875",29,"b",100,NA,NA,NA,NA,NA,-0.147856211033789,NA,NA,NA,NA,NA
"876",29,"b",150,NA,NA,NA,NA,NA,-0.0582354664157513,NA,NA,NA,NA,NA
"877",29,"b",200,NA,NA,NA,NA,NA,0,NA,NA,NA,NA,NA
"878",29,"c",-5,NA,NA,NA,NA,NA,-0.50341469620859,NA,NA,NA,NA,NA
"879",29,"c",5,NA,NA,NA,NA,NA,1.15976625378492,NA,NA,NA,NA,NA
"880",29,"c",10,NA,NA,NA,NA,NA,0.973877732230448,NA,NA,NA,NA,NA
"881",29,"c",20,NA,NA,NA,NA,NA,-0.0198013266932447,NA,NA,NA,NA,NA
"882",29,"c",40,NA,NA,NA,NA,NA,-0.423050189619513,NA,NA,NA,NA,NA
"883",29,"c",60,NA,NA,NA,NA,NA,-0.197481202037522,NA,NA,NA,NA,NA
"884",29,"c",80,NA,NA,NA,NA,NA,-0.329679953964361,NA,NA,NA,NA,NA
"885",29,"c",100,NA,NA,NA,NA,NA,0.209249597657251,NA,NA,NA,NA,NA
"886",29,"c",150,NA,NA,NA,NA,NA,0.0100501670841681,NA,NA,NA,NA,NA
"887",29,"c",200,NA,NA,NA,NA,NA,0,NA,NA,NA,NA,NA
"888",33,NA,0,NA,NA,NA,NA,NA,0.0725081812542165,NA,NA,NA,NA,NA
"889",33,NA,15,NA,NA,NA,NA,NA,0,NA,NA,NA,NA,NA
"890",33,NA,30,NA,NA,NA,NA,NA,0.0202013400267558,NA,NA,NA,NA,NA
"891",33,NA,45,NA,NA,NA,NA,NA,-0.0392105608476768,NA,NA,NA,NA,NA
"892",33,NA,60,NA,NA,NA,NA,NA,0.0202013400267558,NA,NA,NA,NA,NA
"893",33,NA,90,NA,NA,NA,NA,NA,-0.048770575499286,NA,NA,NA,NA,NA
"894",33,NA,120,NA,NA,NA,NA,NA,-0.0860688147287718,NA,NA,NA,NA,NA
"895",33,NA,180,NA,NA,NA,NA,NA,0.0100501670841681,NA,NA,NA,NA,NA
"896",33,NA,240,NA,NA,NA,NA,NA,0,NA,NA,NA,NA,NA
"897",4,NA,10,NA,NA,NA,NA,NA,NA,NA,NA,NA,0.94,NA
"898",4,NA,50,NA,NA,NA,NA,NA,NA,NA,NA,NA,0.69,NA
"899",4,NA,100,NA,NA,NA,NA,NA,NA,NA,NA,NA,0.25,NA
"900",4,NA,250,NA,NA,NA,NA,NA,NA,NA,NA,NA,0,NA
